id,parent_id,merchant_id,display_name,payment_type_txt,sap_id,settled_at,payment_date,payout_mode,reference_number,status,amount_paid,finance_compliance,beneficiary_name,bank_account_no,ifsc_code,bank_name,preformat_code,finance_key_type,finance_key_value,fulfillment_service,payout_from,pan,gstin,autoSettle,vid,vertical_name,isEcom,conv_fee,paytm_charges,paytm_cancellation_share,conv_fee_tax,paytm_cancellation_share_tax,mp_supplier_cancellation,cancellation_charges,net_gmv,mp_commission_amount,mp_commission_service_tax,pg_commission_amount,pg_commission_service_tax,logistics_amount,logistics_service_tax,mp_commission_penalty_amount,mp_commission_penalty_service_tax,pg_commission_penalty_amount,pg_commission_penalty_service_tax,logistics_penalty_amount,logistics_penalty_service_tax,mp_cancellation_amount,mp_cancellation_service_tax,merchant_cancel_penalty_amount,merchant_cancel_penalty_service_tax,slr_breach_penalty_amount,slr_breach_penalty_service_tax,reverse_logistics_penalty_amount,reverse_logistics_penalty_service_tax,mp_shipping_reversal_amount,mp_shipping_reversal_service_tax,rto_dto_amount,rto_dto_service_tax,fraud_amount,fraud_service_tax,penalty_amount,penalty_service_tax,reward_amount,reward_service_tax,adjustments_amount,adjustments_service_tax,merchant_cancel_mp_penalty_amount,merchant_cancel_mp_penalty_service_tax,merchant_cancel_pg_penalty_amount,merchant_cancel_pg_penalty_service_tax,mp_commission_reversal_amount,mp_commission_reversal_service_tax,convenience_charges_share_amount,convenience_charges_share_service_tax,convenience_charges_share_reversal_amount,convenience_charges_share_reversal_service_tax,pg_fee_share_amount,pg_fee_share_service_tax,pg_fee_share_reversal_amount,pg_fee_share_reversal_service_tax,conv_pg_fee_share_amount,conv_pg_fee_share_service_tax,conv_pg_fee_share_reversal_amount,conv_pg_fee_share_reversal_service_tax,shipping_recovery_pg_fee_amount,shipping_recovery_pg_fee_service_tax,reseller_commission_amount,reseller_commission_service_tax,mp_comm_debit_reversal_amount,mp_comm_debit_reversal_service_tax,mp_comm_debit_reversal_postpaid_amount,mp_comm_debit_reversal_postpaid_service_tax,sla_breach_mp_penalty_amount,sla_breach_mp_penalty_service_tax,sla_breach_pg_penalty_amount,sla_breach_pg_penalty_service_tax,sla_breach_mp_reversal_amount,sla_breach_mp_reversal_service_tax,sla_breach_pg_reversal_amount,sla_breach_pg_reversal_service_tax,shipping_recovery_mp_fee_amount,shipping_recovery_mp_fee_service_tax,bou_ccf2_amount,bou_ccf2_service_tax,bou_biller_fee_amount,bou_biller_fee_service_tax,bou_switching_fee_amount,bou_switching_fee_service_tax,cou_ccf2_amount,cou_ccf2_service_tax,cou_biller_fee_amount,cou_biller_fee_service_tax,cou_switching_fee_amount,cou_switching_fee_service_tax,offline_logistics_charges_amount,offline_logistics_charges_service_tax,fc_charges_amount,fc_charges_service_tax,sla_breach_mp_penalty_saving_amount,sla_breach_mp_penalty_saving_service_tax,sla_breach_pg_penalty_saving_amount,sla_breach_pg_penalty_saving_service_tax,paid_promotion_charges_amount,paid_promotion_charges_service_tax,pick_pack_charges_amount,pick_pack_charges_service_tax,ar_commission_amount,ar_commission_service_tax,pgmdr_amount,pgmdr_service_tax,marketing_fee_amount,marketing_fee_service_tax,conv_fee_passthrough_amount,conv_fee_passthrough_service_tax,oc_mp_fee_amount,oc_mp_fee_service_tax,oc_pg_fee_amount,oc_pg_fee_service_tax,merchant_subv_amount,merchant_subv_service_tax,deal_setup_fees_amount,deal_setup_fees_service_tax,closing_fee_amount,closing_fee_service_tax,fse_incentive_amount,fse_incentive_service_tax,paytm_hit_amount,paytm_hit_service_tax,merchant_hit_amount,merchant_hit_service_tax,pf_taxes_comm_amount,pf_taxes_comm_service_tax,pf_pac_comm_amount,pf_pac_comm_service_tax,pf_scf_comm_amount,pf_scf_comm_service_tax,pf_rev_tax_comm_amount,pf_rev_tax_comm_service_tax,pf_rev_pac_comm_amount,pf_rev_pac_comm_service_tax,pf_rev_scf_comm_amount,pf_rev_scf_comm_service_tax,platform_fee_amount,platform_fee_service_tax,platform_fee_reverse_amount,platform_fee_reverse_service_tax,partial_shipping_rev_pg_fee_amount,partial_shipping_rev_pg_fee_service_tax,partial_shipping_rev_mp_fee_amount,partial_shipping_rev_mp_fee_service_tax,pd_cancelled_amount_amount,pd_cancelled_amount_service_tax,pd_mp_commission_amount,pd_mp_commission_service_tax,pd_conv_fee_amount,pd_conv_fee_service_tax,pd_flight_bundling_revenue_amount,pd_flight_bundling_revenue_service_tax,pd_bus_cancellation_share_amount,pd_bus_cancellation_share_service_tax,pd_irctc_pg_charge_amount,pd_irctc_pg_charge_service_tax,pd_irctc_service_charge_amount,pd_irctc_service_charge_service_tax,sla_penalty_amount,sla_penalty_service_tax,sla_penalty_est_amount,sla_penalty_est_service_tax,cancel_penalty_amount,cancel_penalty_service_tax,cancel_penalty_est_amount,cancel_penalty_est_service_tax,incentive_amount,incentive_service_tax,gst_waiver_mp_amount,gst_waiver_mp_service_tax,gst_waiver_pg_amount,gst_waiver_pg_service_tax,gst_waiver_mp_reversal_amount,gst_waiver_mp_reversal_service_tax,interest_recovery_amount,interest_recovery_service_tax,subs_renewal_amount,subs_renewal_service_tax,plb_amount,plb_service_tax,fraud_penalty_amount,fraud_penalty_service_tax,od_base_amount,od_base_service_tax,tp_base_amount,tp_base_service_tax,od_base_mktng_amount,od_base_mktng_service_tax,tp_base_mktng_amount,tp_base_mktng_service_tax,od_commission_amount,od_commission_service_tax,od_reward_amount,od_reward_service_tax,tp_commission_amount,tp_commission_service_tax,tp_reward_amount,tp_reward_service_tax,od_marketing_amount,od_marketing_service_tax,tp_marketing_amount,tp_marketing_service_tax,tcs_igst_amount,tcs_cgst_amount,tcs_sgst_amount,shipping_tcs_igst_amount,shipping_tcs_cgst_amount,shipping_tcs_sgst_amount,oc_tcs_igst_amount,oc_tcs_cgst_amount,oc_tcs_sgst_amount
99352092,99352091,1530559,"Mumbai Metro","PAYOUT","952151","2026-03-20","","PG",,1,610,1,"SEQUELSTRING AI PRIVATE LIMITED MMRCL","2402234063009842","AUBL0002340","","952151","wid","950162",145,"PAYTMECOM","AAZCS4639P","27AAZCS4639P1Z3",true,,,true,,,,,,,,,,,,,,,,,,,,,,,,,,,,,,,,,,,,,,,,,,,,,,,,,,,,,,,,,,,,,,,,,,,,,,,,,,,,,,,,,,,,,,,,,,,,,,,,,,,,,,,,,,,,,,,,,,,,,,,,,,,,,,,,,,,,,,,,,,,,,,,,,,,,,,,,,,,,,,,,,,,,,,,,,,,,,,,,,,,,,,,,,,,,,,,,,,,,,,,,,,,,,,,,,,,
99352094,99352093,1190435,"Unipin (india) Private Limited","PAYOUT","8302745","2026-03-20","","PG",,1,185560.71,1,"M/S Unipin (India) Private Limited","084063700001612","YESB0000840","","8302745","default","1",30,"PAYTMECOM","AACCU4972E",,true,,,true,,,,,,,,,8214.35,1478.52,,,,,,,,,,,,,,,,,,,,,,,,,,,,,,,,,,,,,,,,,,,,,,,,,,,,,,,,,,,,,,,,,,,,,,,,,,,,,,,,,,,,,,,,,,,,,,,,,,,,,,,,,,,,,,,,,,,,,,,,,,,,,,,,,,,,,,,,,,,,,,,,,,,,,,,,,,,,,,,,,,,,,,,,,,,,,,,,,,,,,,,,,,,,,,,,,,,,,,,,,
99352095,99352093,1190435,"Unipin (india) Private Limited","PAYOUT","8302745","2026-03-20","","COD",,1,2264.73,1,"M/S Unipin (India) Private Limited","084063700001612","YESB0000840","","8302745","default","1",30,"PAYTMECOM","AACCU4972E",,true,,,true,,,,,,,,,120.32,21.67,,,,,,,,,,,,,,,,,,,,,,,,,,,,,,,,,,,,,,,,,,,,,,,,,,,,,,,,,,,,,,,,,,,,,,,,,,,,,,,,,,,,,,,,,,,,,,,,,,,,,,,,,,,,,,,,,,,,,,,,,,,,,,,,,,,,,,,,,,,,,,,,,,,,,,,,,,,,,,,,,,,,,,,,,,,,,,,,,,,,,,,,,,,,,,,,,,,,,,,,,
99352097,99352096,663553,"Pantaloons","PAYOUT","8300503","2026-03-20","","PG",,1,2513.7,1,"Aditya Birla Fashion And Retail Ltd","913020011832345","UTIB0000060","","8300503","default","1",36,"PAYTMECOM",,,true,,,true,,,,,,,,,285,51.3,,,,,,,,,,,,,,,,,,,,,,,,,,,,,,,,,,,,,,,,,,,,,,,,,,,,,,,,,,,,,,,,,,,,,,,,,,,,,,,,,,,,,,,,,,,,,,,,,,,,,,,,,,,,,,,,,,,,,,,,,,,,,,,,,,,,,,,,,,,,,,,,,,,,,,,,,,,,,,,,,,,,,,,,,,,,,,,,,,,,,,,,,,,,,,,,,,,,,,,,,
99352098,99352096,663553,"Pantaloons","PAYOUT","8300503","2026-03-20","","COD",,1,132.3,1,"Aditya Birla Fashion And Retail Ltd","913020011832345","UTIB0000060","","8300503","default","1",36,"PAYTMECOM",,,true,,,true,,,,,,,,,15,2.7,,,,,,,,,,,,,,,,,,,,,,,,,,,,,,,,,,,,,,,,,,,,,,,,,,,,,,,,,,,,,,,,,,,,,,,,,,,,,,,,,,,,,,,,,,,,,,,,,,,,,,,,,,,,,,,,,,,,,,,,,,,,,,,,,,,,,,,,,,,,,,,,,,,,,,,,,,,,,,,,,,,,,,,,,,,,,,,,,,,,,,,,,,,,,,,,,,,,,,,,,
99352100,99352099,1530557,"Maharashtra METRO RAIL Corporation Limited","PAYOUT","951754","2026-03-20","","PG",,1,9267.5,1,"METRO AQUIRING TRANSITORY ACCOUNT","50200076588797","HDFC0000240","","951754","wid","950125",145,"PAYTMECOM","AAECN8723A","27AAECN8723A1ZN",true,,,true,,,,,,,,,,,,,,,,,,,,,,,,,,,,,,,,,,,,,,,,,,,,,,,,,,,,,,,,,,,,,,,,,,,,,,,,,,,,,,,,,,,,,,,,,,,,,,,,,,,,,,,,,,,,,,,,,,,,,,,,,,,,,,,,,,,,,,,,,,,,,,,,,,,,,,,,,,,,,,,,,,,,,,,,,,,,,,,,,,,,,,,,,,,,,,,,,,,,,,,,,,,,,,,,,,,
99352102,99352101,861793,"Pinelabs","PAYOUT","8301652","2026-03-20","","PG",,1,531127.7,1,"Qwikcilver Solutions Pvt Ltd","0261104130092321","UTIB0CCH274","","8301652","default","1",30,"PAYTMECOM","AAACQ1453G",,true,,,true,,,,,,,,,49077.85,8834.45,,,,,,,,,,,,,,,,,,,,,,,,,,,,,,,,,,,,,,,,,,,,,,,,,,,,,,,,,,,,,,,,,,,,,,,,,,,,,,,,,,,,,,,,,,,,,,,,,,,,,,,,,,,,,,,,,,,,,,,,,,,,,,,,,,,,,,,,,,,,,,,,,,,,,,,,,,,,,,,,,,,,,,,,,,,,,,,,,,,,,,,,,,,,,,,,,,,,,,,,,
99352103,99352101,861793,"Pinelabs","PAYOUT","8301652","2026-03-20","","COD",,1,32410.24,1,"Qwikcilver Solutions Pvt Ltd","0261104130092321","UTIB0CCH274","","8301652","default","1",30,"PAYTMECOM","AAACQ1453G",,true,,,true,,,,,,,,,3208.8,577.24,,,,,,,,,,,,,,,,,,,,,,,,,,,,,,,,,,,,,,,,,,,,,,,,,,,,,,,,,,,,,,,,,,,,,,,,,,,,,,,,,,,,,,,,,,,,,,,,,,,,,,,,,,,,,,,,,,,,,,,,,,,,,,,,,,,,,,,,,,,,,,,,,,,,,,,,,,,,,,,,,,,,,,,,,,,,,,,,,,,,,,,,,,,,,,,,,,,,,,,,,
99352105,99352104,1327789,"Kochi Metro Rail Limited","PAYOUT","939791","2026-03-20","","PG",,1,19839,1,"KOCHI METRO RAIL LTD","917020044437197","UTIB0000081","","939791","default","1",57,"ONE97",,,true,,,true,,,,,,,,,,,,,,,,,,,,,,,,,,,,,,,,,,,,,,,,,,,,,,,,,,,,,,,,,,,,,,,,,,,,,,,,,,,,,,,,,,,,,,,,,,,,,,,,,,,,,,,,,,,,,,,,,,,,,,,,,,,,,,,,,,,,,,,,,,,,,,,,,,,,,,,,,,,,,,,,,,,,,,,,,,,,,,,,,,,,,,,,,,,,,,,,,,,,,,,,,,,,,,,,,,,
99352107,99352106,1220362,"PINE LABS Limited","PAYOUT","8302749","2026-03-20","","PG",,1,4922208.41,1,"PINE LABS LIMITED","916020024748517","UTIB0000102","","8302749","default","1",30,"PAYTMECOM","AACCP7457K",,true,,,true,,,,,,,,,365739.63,65833.15,,,,,,,,,,,,,,,,,,,,,,,,,,,,,,,,,,,,,,,,,,,,,,,,,,,,,,,,,,,,,,,,,,,,,,,,,,,,,,,,,,,,,,,,,,,,,,,,,,,,,,,,,,,,,,,,,,,,,,,,,,,,,,,,,,,,,,,,,,,,,,,,,,,,,,,,,,,,,,,,,,,,,,,,,,,,,,,,,,,,,,,,,,,,,,,,,,,,,,,,,
99352108,99352106,1220362,"PINE LABS Limited","PAYOUT","8302749","2026-03-20","","COD",,1,259366.71,1,"PINE LABS LIMITED","916020024748517","UTIB0000102","","8302749","default","1",30,"PAYTMECOM","AACCP7457K",,true,,,true,,,,,,,,,29384.94,5289.33,,,,,,,,,,,,,,,,,,,,,,,,,,,,,,,,,,,,,,,,,,,,,,,,,,,,,,,,,,,,,,,,,,,,,,,,,,,,,,,,,,,,,,,,,,,,,,,,,,,,,,,,,,,,,,,,,,,,,,,,,,,,,,,,,,,,,,,,,,,,,,,,,,,,,,,,,,,,,,,,,,,,,,,,,,,,,,,,,,,,,,,,,,,,,,,,,,,,,,,,,
99352110,99352109,1139089,"Euronet","PAYOUT","8302253","2026-03-20","","PG",,1,273340.85,1,"Euronet Services India Private Limited","ESPL00400296","ICIC0000104","","8302253","default","1",105,"PAYTMECOM","AABCE0288Q",,true,,,true,,,,,,,,,12199.61,2196.63,,,,,,,,,,,,,,,,,,,,,,,,,,,,,,,,,,,,,,,,,,,,,,,,,,,,,,,,,,,,,,,,,,,,,,,,,,,,,,,,,,,,,,,,,,,,,,,,,,,,,,,,,,,,,,,,,,,,,,,,,,,,,,,,,,,,,,,,,,,,,,,,,,,,,,,,,,,,,,,,,,,,,,,,,,,,,,,,,,,,,,,,,,,,,,,,,,,,,,,,,
99352111,99352109,1139089,"Euronet","PAYOUT","8302253","2026-03-20","","COD",,1,4422.25,1,"Euronet Services India Private Limited","ESPL00400296","ICIC0000104","","8302253","default","1",105,"PAYTMECOM","AABCE0288Q",,true,,,true,,,,,,,,,198.38,35.57,,,,,,,,,,,,,,,,,,,,,,,,,,,,,,,,,,,,,,,,,,,,,,,,,,,,,,,,,,,,,,,,,,,,,,,,,,,,,,,,,,,,,,,,,,,,,,,,,,,,,,,,,,,,,,,,,,,,,,,,,,,,,,,,,,,,,,,,,,,,,,,,,,,,,,,,,,,,,,,,,,,,,,,,,,,,,,,,,,,,,,,,,,,,,,,,,,,,,,,,,
99352113,99352112,279075,"E Xpress Interactive Software PVT LTD","PAYOUT","8303163","2026-03-20","","PG",,1,1178497.39,1,"E-XPRESS INTERACTIVE SOFTWARE P L ESD","50200033862779","HDFC0001123","","8303163","wid","910640",30,"PAYTMECOM","AAACE6838R","27AAACE6838R1ZX",true,,,true,,,,,,,,,47231.8,8502.1,,,,,,,,,,,,,,,,,,,,,,,,,,,,,,,,,,,,,,,,,,,,,,,,,,,,,,,,,,,,,,,,,,,,,,,,,,,,,,,,,,,,,,,,,,,,,,,,,,,,,,,,,,,,,,,,,,,,,,,,,,,,,,,,,,,,,,,,,,,,,,,,,,,,,,,,,,,,,,,,,,,,,,,,,,,,,,,,,,,,,,,,,,,,,,,,,,,,,,,,,
99352114,99352112,279075,"E Xpress Interactive Software PVT LTD","PAYOUT","8303163","2026-03-20","","COD",,1,16260.02,1,"E-XPRESS INTERACTIVE SOFTWARE P L ESD","50200033862779","HDFC0001123","","8303163","wid","910640",30,"PAYTMECOM","AAACE6838R","27AAACE6838R1ZX",true,,,true,,,,,,,,,864.77,156.43,,,,,,,,,,,,,,,,,,,,,,,,,,,,,,,,,,,,,,,,,,,,,,,,,,,,,,,,,,,,,,,,,,,,,,,,,,,,,,,,,,,,,,,,,,,,,,,,,,,,,,,,,,,,,,,,,,,,,,,,,,,,,,,,,,,,,,,,,,,,,,,,,,,,,,,,,,,,,,,,,,,,,,,,,,,,,,,,,,,,,,,,,,,,,,,,,,,,,,,,,
99352116,99352115,1530540,"Merchandise Store","PAYOUT",,"2026-03-20","","PG",,1,7869.72,1,,,,,,,,0,"PAYTMECOM","AALCP4925F",,true,,,true,,,,,,,,,737.52,133.1,331.77,59.66,2472,444.96,,,,,,,,,,,,,,,,,,,,,,,,,,,,,,,,,,,,,,,,,,,,,,,,,,,,,,,,,,,,,,,,,,,,,,,,,,,,,,,,,,,,,,,,,,,,,,,,,,,,,,,118,21.24,,,,,,,,,,,,,,,,,,,,,,,,,,,,,,,,,,,,,,,,,35,6.3,,,,,,,,,,,,,,,,,,,,,,,,,,,,,,,,,,,,,,,,,,,49.68,1.25,1.25,,,,,,
99352117,99352115,1530540,"Merchandise Store","PAYOUT",,"2026-03-20","","COD",,1,-78459.61,1,,,,,,,,0,"PAYTMECOM","AALCP4925F",,true,,,true,,,,,,,,,57.42,19.14,28.71,0,63724,11470.32,,,,,,,,,,,,,,,,,,,,,,,,,,,,,,,,,,,,,,,,,,,,,,,,,,,,,,,,,,,,,,,,,,,,,,,,,,,,,,,,,,,,,,,,,,,,,,,,,,,,,,,1914,344.52,,,,,,,,,,,,,,,,,,,,,,,,,,,,,,,,,,,,,,,,,1575,283.5,,,,,,,,,,,,,,,,,,,,,,,,,,,,,,,,,,,,,,,,,,,,,,,,,,,
99352119,99352118,1139089,"Euronet","PAYOUT","8302253","2026-03-20","","PG",,1,225640.51,1,"Euronet Services India Private Limited","ESPL00400296","ICIC0000104","","8302253","default","1",105,"PAYTMECOM","AABCE0288Q",,true,,,true,,,,,,,,,10070.39,1813.25,,,,,,,,,,,,,,,,,,,,,,,,,,,,,,,,,,,,,,,,,,,,,,,,,,,,,,,,,,,,,,,,,,,,,,,,,,,,,,,,,,,,,,,,,,,,,,,,,,,,,,,,,,,,,,,,,,,,,,,,,,,,,,,,,,,,,,,,,,,,,,,,,,,,,,,,,,,,,,,,,,,,,,,,,,,,,,,,,,,,,,,,,,,,,,,,,,,,,,,,,
99352120,99352118,1139089,"Euronet","PAYOUT","8302253","2026-03-20","","COD",,1,3464.65,1,"Euronet Services India Private Limited","ESPL00400296","ICIC0000104","","8302253","default","1",105,"PAYTMECOM","AABCE0288Q",,true,,,true,,,,,,,,,155.37,27.9,,,,,,,,,,,,,,,,,,,,,,,,,,,,,,,,,,,,,,,,,,,,,,,,,,,,,,,,,,,,,,,,,,,,,,,,,,,,,,,,,,,,,,,,,,,,,,,,,,,,,,,,,,,,,,,,,,,,,,,,,,,,,,,,,,,,,,,,,,,,,,,,,,,,,,,,,,,,,,,,,,,,,,,,,,,,,,,,,,,,,,,,,,,,,,,,,,,,,,,,,
99352122,99352121,1337132,"Razorpay Engage","PAYOUT","8303115","2026-03-20","","PG",,1,1144101.61,1,"Viverati Interactive Marketing Private Limited","10079886707","IDFB0080151","","8303115","default","1",30,"PAYTMECOM","AADCV6221E",,true,,,true,,,,,,,,,77799.11,14004.5,,,,,,,,,,,,,,,,,,,,,,,,,,,,,,,,,,,,,,,,,,,,,,,,,,,,,,,,,,,,,,,,,,,,,,,,,,,,,,,,,,,,,,,,,,,,,,,,,,,,,,,,,,,,,,,,,,,,,,,,,,,,,,,,,,,,,,,,,,,,,,,,,,,,,,,,,,,,,,,,,,,,,,,,,,,,,,,,,,,,,,,,,,,,,,,,,,,,,,,,,
99352123,99352121,1337132,"Razorpay Engage","PAYOUT","8303115","2026-03-20","","COD",,1,81749.85,1,"Viverati Interactive Marketing Private Limited","10079886707","IDFB0080151","","8303115","default","1",30,"PAYTMECOM","AADCV6221E",,true,,,true,,,,,,,,,10830.66,1949.51,,,,,,,,,,,,,,,,,,,,,,,,,,,,,,,,,,,,,,,,,,,,,,,,,,,,,,,,,,,,,,,,,,,,,,,,,,,,,,,,,,,,,,,,,,,,,,,,,,,,,,,,,,,,,,,,,,,,,,,,,,,,,,,,,,,,,,,,,,,,,,,,,,,,,,,,,,,,,,,,,,,,,,,,,,,,,,,,,,,,,,,,,,,,,,,,,,,,,,,,,
99352125,99352124,1139089,"Euronet","PAYOUT","8302253","2026-03-20","","PG",,1,250263.48,1,"Euronet Services India Private Limited","ESPL00400296","ICIC0000104","","8302253","default","1",105,"PAYTMECOM","AABCE0288Q",,true,,,true,,,,,,,,,11169.43,2011.06,,,,,,,,,,,,,,,,,,,,,,,,,,,,,,,,,,,,,,,,,,,,,,,,,,,,,,,,,,,,,,,,,,,,,,,,,,,,,,,,,,,,,,,,,,,,,,,,,,,,,,,,,,,,,,,,,,,,,,,,,,,,,,,,,,,,,,,,,,,,,,,,,,,,,,,,,,,,,,,,,,,,,,,,,,,,,,,,,,,,,,,,,,,,,,,,,,,,,,,,,
99352126,99352124,1139089,"Euronet","PAYOUT","8302253","2026-03-20","","COD",,1,5396.95,1,"Euronet Services India Private Limited","ESPL00400296","ICIC0000104","","8302253","default","1",105,"PAYTMECOM","AABCE0288Q",,true,,,true,,,,,,,,,242.02,43.43,,,,,,,,,,,,,,,,,,,,,,,,,,,,,,,,,,,,,,,,,,,,,,,,,,,,,,,,,,,,,,,,,,,,,,,,,,,,,,,,,,,,,,,,,,,,,,,,,,,,,,,,,,,,,,,,,,,,,,,,,,,,,,,,,,,,,,,,,,,,,,,,,,,,,,,,,,,,,,,,,,,,,,,,,,,,,,,,,,,,,,,,,,,,,,,,,,,,,,,,,
99352128,99352127,1182161,"Euronet Services","PAYOUT","8302697","2026-03-20","","PG",,1,1287362.79,1,"Euronet Services India Pvt Ltd","ESPL00400338","ICIC0000104","","8302697","default","1",30,"PAYTMECOM","AABCE0288Q",,true,,,true,,,,,,,,,54478.29,9806.76,,,,,,,,,,,,,,,,,,,,,,,,,,,,,,,,,,,,,,,,,,,,,,,,,,,,,,,,,,,,,,,,,,,,,,,,,,,,,,,,,,,,,,,,,,,,,,,,,,,,,,,,,,,,,,,,,,,,,,,,,,,,,,,,,,,,,,,,,,,,,,,,,,,,,,,,,,,,,,,,,,,,,,,,,,,,,,,,,,,,,,,,,,,,,,,,,,,,,,,,,
99352129,99352127,1182161,"Euronet Services","PAYOUT","8302697","2026-03-20","","COD",,1,30814.03,1,"Euronet Services India Pvt Ltd","ESPL00400338","ICIC0000104","","8302697","default","1",30,"PAYTMECOM","AABCE0288Q",,true,,,true,,,,,,,,,1325.44,238.01,,,,,,,,,,,,,,,,,,,,,,,,,,,,,,,,,,,,,,,,,,,,,,,,,,,,,,,,,,,,,,,,,,,,,,,,,,,,,,,,,,,,,,,,,,,,,,,,,,,,,,,,,,,,,,,,,,,,,,,,,,,,,,,,,,,,,,,,,,,,,,,,,,,,,,,,,,,,,,,,,,,,,,,,,,,,,,,,,,,,,,,,,,,,,,,,,,,,,,,,,
99352131,99352130,1139089,"Euronet","PAYOUT","8302253","2026-03-20","","PG",,1,293988.69,1,"Euronet Services India Private Limited","ESPL00400296","ICIC0000104","","8302253","default","1",105,"PAYTMECOM","AABCE0288Q",,true,,,true,,,,,,,,,13121.44,2362.54,,,,,,,,,,,,,,,,,,,,,,,,,,,,,,,,,,,,,,,,,,,,,,,,,,,,,,,,,,,,,,,,,,,,,,,,,,,,,,,,,,,,,,,,,,,,,,,,,,,,,,,,,,,,,,,,,,,,,,,,,,,,,,,,,,,,,,,,,,,,,,,,,,,,,,,,,,,,,,,,,,,,,,,,,,,,,,,,,,,,,,,,,,,,,,,,,,,,,,,,,
99352132,99352130,1139089,"Euronet","PAYOUT","8302253","2026-03-20","","COD",,1,5394.1,1,"Euronet Services India Private Limited","ESPL00400296","ICIC0000104","","8302253","default","1",105,"PAYTMECOM","AABCE0288Q",,true,,,true,,,,,,,,,241.86,43.35,,,,,,,,,,,,,,,,,,,,,,,,,,,,,,,,,,,,,,,,,,,,,,,,,,,,,,,,,,,,,,,,,,,,,,,,,,,,,,,,,,,,,,,,,,,,,,,,,,,,,,,,,,,,,,,,,,,,,,,,,,,,,,,,,,,,,,,,,,,,,,,,,,,,,,,,,,,,,,,,,,,,,,,,,,,,,,,,,,,,,,,,,,,,,,,,,,,,,,,,,
99352134,99352133,598341,"Vouchagram India Pvt Ltd","PAYOUT","8300364","2026-03-20","","PG",,1,1592719.49,1,"Vouchagram India Pvt Ltd","14098630000040","HDFC0001409","","8300364","default","1",36,"PAYTMECOM","AAECV0200E",,true,,,true,,,,,,,,,35986.15,6476.72,,,,,,,,,,,,,,,,,,,,,,,,,,,,,,,,,,,,,,,,,,,,,,,,,,,,,,,,,,,,,,,,,,,,,,,,,,,,,,,,,,,,,,,,,,,,,,,,,,,,,,,,,,,,,,,,,,,,,,,,,,,,,,,,,,,,,,,,,,,,,,,,,,,,,,,,,,,,,,,,,,,,,,,,,,,,,,,,,,,,,,,,,,,,,,,,,,,,,,,,,
99352135,99352133,598341,"Vouchagram India Pvt Ltd","PAYOUT","8300364","2026-03-20","","COD",,1,4797.92,1,"Vouchagram India Pvt Ltd","14098630000040","HDFC0001409","","8300364","default","1",36,"PAYTMECOM","AAECV0200E",,true,,,true,,,,,,,,,202.42,37.3,,,,,,,,,,,,,,,,,,,,,,,,,,,,,,,,,,,,,,,,,,,,,,,,,,,,,,,,,,,,,,,,,,,,,,,,,,,,,,,,,,,,,,,,,,,,,,,,,,,,,,,,,,,,,,,,,,,,,,,,,,,,,,,,,,,,,,,,,,,,,,,,,,,,,,,,,,,,,,,,,,,,,,,,,,,,,,,,,,,,,,,,,,,,,,,,,,,,,,,,,
99352137,99352136,1139089,"Euronet","PAYOUT","8302253","2026-03-20","","PG",,1,290620.99,1,"Euronet Services India Private Limited","ESPL00400296","ICIC0000104","","8302253","default","1",105,"PAYTMECOM","AABCE0288Q",,true,,,true,,,,,,,,,12972.23,2335.54,,,,,,,,,,,,,,,,,,,,,,,,,,,,,,,,,,,,,,,,,,,,,,,,,,,,,,,,,,,,,,,,,,,,,,,,,,,,,,,,,,,,,,,,,,,,,,,,,,,,,,,,,,,,,,,,,,,,,,,,,,,,,,,,,,,,,,,,,,,,,,,,,,,,,,,,,,,,,,,,,,,,,,,,,,,,,,,,,,,,,,,,,,,,,,,,,,,,,,,,,
99352138,99352136,1139089,"Euronet","PAYOUT","8302253","2026-03-20","","COD",,1,5919.45,1,"Euronet Services India Private Limited","ESPL00400296","ICIC0000104","","8302253","default","1",105,"PAYTMECOM","AABCE0288Q",,true,,,true,,,,,,,,,264.21,47.43,,,,,,,,,,,,,,,,,,,,,,,,,,,,,,,,,,,,,,,,,,,,,,,,,,,,,,,,,,,,,,,,,,,,,,,,,,,,,,,,,,,,,,,,,,,,,,,,,,,,,,,,,,,,,,,,,,,,,,,,,,,,,,,,,,,,,,,,,,,,,,,,,,,,,,,,,,,,,,,,,,,,,,,,,,,,,,,,,,,,,,,,,,,,,,,,,,,,,,,,,
99352140,99352139,1139089,"Euronet","PAYOUT","8302253","2026-03-20","","PG",,1,224245.88,1,"Euronet Services India Private Limited","ESPL00400296","ICIC0000104","","8302253","default","1",105,"PAYTMECOM","AABCE0288Q",,true,,,true,,,,,,,,,10008.85,1802.24,,,,,,,,,,,,,,,,,,,,,,,,,,,,,,,,,,,,,,,,,,,,,,,,,,,,,,,,,,,,,,,,,,,,,,,,,,,,,,,,,,,,,,,,,,,,,,,,,,,,,,,,,,,,,,,,,,,,,,,,,,,,,,,,,,,,,,,,,,,,,,,,,,,,,,,,,,,,,,,,,,,,,,,,,,,,,,,,,,,,,,,,,,,,,,,,,,,,,,,,,
99352141,99352139,1139089,"Euronet","PAYOUT","8302253","2026-03-20","","COD",,1,3325,1,"Euronet Services India Private Limited","ESPL00400296","ICIC0000104","","8302253","default","1",105,"PAYTMECOM","AABCE0288Q",,true,,,true,,,,,,,,,149.7,26.81,,,,,,,,,,,,,,,,,,,,,,,,,,,,,,,,,,,,,,,,,,,,,,,,,,,,,,,,,,,,,,,,,,,,,,,,,,,,,,,,,,,,,,,,,,,,,,,,,,,,,,,,,,,,,,,,,,,,,,,,,,,,,,,,,,,,,,,,,,,,,,,,,,,,,,,,,,,,,,,,,,,,,,,,,,,,,,,,,,,,,,,,,,,,,,,,,,,,,,,,,
99352145,99352144,1139089,"Euronet","PAYOUT","8302253","2026-03-20","","PG",,1,276564.05,1,"Euronet Services India Private Limited","ESPL00400296","ICIC0000104","","8302253","default","1",105,"PAYTMECOM","AABCE0288Q",,true,,,true,,,,,,,,,12344.4,2222.81,,,,,,,,,,,,,,,,,,,,,,,,,,,,,,,,,,,,,,,,,,,,,,,,,,,,,,,,,,,,,,,,,,,,,,,,,,,,,,,,,,,,,,,,,,,,,,,,,,,,,,,,,,,,,,,,,,,,,,,,,,,,,,,,,,,,,,,,,,,,,,,,,,,,,,,,,,,,,,,,,,,,,,,,,,,,,,,,,,,,,,,,,,,,,,,,,,,,,,,,,
99352146,99352144,1139089,"Euronet","PAYOUT","8302253","2026-03-20","","COD",,1,6175.95,1,"Euronet Services India Private Limited","ESPL00400296","ICIC0000104","","8302253","default","1",105,"PAYTMECOM","AABCE0288Q",,true,,,true,,,,,,,,,275.61,49.5,,,,,,,,,,,,,,,,,,,,,,,,,,,,,,,,,,,,,,,,,,,,,,,,,,,,,,,,,,,,,,,,,,,,,,,,,,,,,,,,,,,,,,,,,,,,,,,,,,,,,,,,,,,,,,,,,,,,,,,,,,,,,,,,,,,,,,,,,,,,,,,,,,,,,,,,,,,,,,,,,,,,,,,,,,,,,,,,,,,,,,,,,,,,,,,,,,,,,,,,,
99352148,99352147,1468857,"Valuedesign Services Private Limited","PAYOUT","8303156","2026-03-20","","PG",,1,10948,1,"VALUEDESIGN SERVICES PRIVATE LIMITED","071752224001","HSBC0560002","","8303156","default","1",30,"PAYTMECOM","AACCV7690J",,true,,,true,,,,,,,,,742.38,133.62,,,,,,,,,,,,,,,,,,,,,,,,,,,,,,,,,,,,,,,,,,,,,,,,,,,,,,,,,,,,,,,,,,,,,,,,,,,,,,,,,,,,,,,,,,,,,,,,,,,,,,,,,,,,,,,,,,,,,,,,,,,,,,,,,,,,,,,,,,,,,,,,,,,,,,,,,,,,,,,,,,,,,,,,,,,,,,,,,,,,,,,,,,,,,,,,,,,,,,,,,
99352149,99352147,1468857,"Valuedesign Services Private Limited","PAYOUT","8303156","2026-03-20","","COD",,1,540.19,1,"VALUEDESIGN SERVICES PRIVATE LIMITED","071752224001","HSBC0560002","","8303156","default","1",30,"PAYTMECOM","AACCV7690J",,true,,,true,,,,,,,,,71.88,12.94,,,,,,,,,,,,,,,,,,,,,,,,,,,,,,,,,,,,,,,,,,,,,,,,,,,,,,,,,,,,,,,,,,,,,,,,,,,,,,,,,,,,,,,,,,,,,,,,,,,,,,,,,,,,,,,,,,,,,,,,,,,,,,,,,,,,,,,,,,,,,,,,,,,,,,,,,,,,,,,,,,,,,,,,,,,,,,,,,,,,,,,,,,,,,,,,,,,,,,,,,
99352151,99352150,1183547,"Gvs 3rd Party Offers","PAYOUT","8303160","2026-03-20","","PG",,1,-5.4,1,"PAI Platforms Private Limited","003105030573","ICIC0000031","","8303160","default","1",30,"PAYTMECOM","AAICP7471R",,true,,,true,,,,,,,,,30,5.4,,,,,,,,,,,,,,,,,,,,,,,,,,,,,,,,,,,,,,,,,,,,,,,,,,,,,,,,,,,,,,,,,,,,,,,,,,,,,,,,,,,,,,,,,,,,,,,,,,,,,,,,,,,,,,,,,,,,,,,,,,,,,,,,,,,,,,,,,,,,,,,,,,,,,,,,,,,,,,,,,,,,,,,,,,,,,,,,,,,,,,,,,,,,,,,,,,,,,,,,,
99352153,99352152,1139089,"Euronet","PAYOUT","8302253","2026-03-20","","PG",,1,232391.01,1,"Euronet Services India Private Limited","ESPL00400296","ICIC0000104","","8302253","default","1",105,"PAYTMECOM","AABCE0288Q",,true,,,true,,,,,,,,,10371.86,1867.54,,,,,,,,,,,,,,,,,,,,,,,,,,,,,,,,,,,,,,,,,,,,,,,,,,,,,,,,,,,,,,,,,,,,,,,,,,,,,,,,,,,,,,,,,,,,,,,,,,,,,,,,,,,,,,,,,,,,,,,,,,,,,,,,,,,,,,,,,,,,,,,,,,,,,,,,,,,,,,,,,,,,,,,,,,,,,,,,,,,,,,,,,,,,,,,,,,,,,,,,,
99352154,99352152,1139089,"Euronet","PAYOUT","8302253","2026-03-20","","COD",,1,4099.25,1,"Euronet Services India Private Limited","ESPL00400296","ICIC0000104","","8302253","default","1",105,"PAYTMECOM","AABCE0288Q",,true,,,true,,,,,,,,,183.69,33.01,,,,,,,,,,,,,,,,,,,,,,,,,,,,,,,,,,,,,,,,,,,,,,,,,,,,,,,,,,,,,,,,,,,,,,,,,,,,,,,,,,,,,,,,,,,,,,,,,,,,,,,,,,,,,,,,,,,,,,,,,,,,,,,,,,,,,,,,,,,,,,,,,,,,,,,,,,,,,,,,,,,,,,,,,,,,,,,,,,,,,,,,,,,,,,,,,,,,,,,,,
99352156,99352155,1139089,"Euronet","PAYOUT","8302253","2026-03-20","","PG",,1,197010.4,1,"Euronet Services India Private Limited","ESPL00400296","ICIC0000104","","8302253","default","1",105,"PAYTMECOM","AABCE0288Q",,true,,,true,,,,,,,,,8792.74,1583.41,,,,,,,,,,,,,,,,,,,,,,,,,,,,,,,,,,,,,,,,,,,,,,,,,,,,,,,,,,,,,,,,,,,,,,,,,,,,,,,,,,,,,,,,,,,,,,,,,,,,,,,,,,,,,,,,,,,,,,,,,,,,,,,,,,,,,,,,,,,,,,,,,,,,,,,,,,,,,,,,,,,,,,,,,,,,,,,,,,,,,,,,,,,,,,,,,,,,,,,,,
99352157,99352155,1139089,"Euronet","PAYOUT","8302253","2026-03-20","","COD",,1,3279.4,1,"Euronet Services India Private Limited","ESPL00400296","ICIC0000104","","8302253","default","1",105,"PAYTMECOM","AABCE0288Q",,true,,,true,,,,,,,,,147.27,26.51,,,,,,,,,,,,,,,,,,,,,,,,,,,,,,,,,,,,,,,,,,,,,,,,,,,,,,,,,,,,,,,,,,,,,,,,,,,,,,,,,,,,,,,,,,,,,,,,,,,,,,,,,,,,,,,,,,,,,,,,,,,,,,,,,,,,,,,,,,,,,,,,,,,,,,,,,,,,,,,,,,,,,,,,,,,,,,,,,,,,,,,,,,,,,,,,,,,,,,,,,
99352159,99352158,1139089,"Euronet","PAYOUT","8302253","2026-03-20","","PG",,1,175572.68,1,"Euronet Services India Private Limited","ESPL00400296","ICIC0000104","","8302253","default","1",105,"PAYTMECOM","AABCE0288Q",,true,,,true,,,,,,,,,7836.15,1410.75,,,,,,,,,,,,,,,,,,,,,,,,,,,,,,,,,,,,,,,,,,,,,,,,,,,,,,,,,,,,,,,,,,,,,,,,,,,,,,,,,,,,,,,,,,,,,,,,,,,,,,,,,,,,,,,,,,,,,,,,,,,,,,,,,,,,,,,,,,,,,,,,,,,,,,,,,,,,,,,,,,,,,,,,,,,,,,,,,,,,,,,,,,,,,,,,,,,,,,,,,
99352160,99352158,1139089,"Euronet","PAYOUT","8302253","2026-03-20","","COD",,1,3070.4,1,"Euronet Services India Private Limited","ESPL00400296","ICIC0000104","","8302253","default","1",105,"PAYTMECOM","AABCE0288Q",,true,,,true,,,,,,,,,137.4,24.85,,,,,,,,,,,,,,,,,,,,,,,,,,,,,,,,,,,,,,,,,,,,,,,,,,,,,,,,,,,,,,,,,,,,,,,,,,,,,,,,,,,,,,,,,,,,,,,,,,,,,,,,,,,,,,,,,,,,,,,,,,,,,,,,,,,,,,,,,,,,,,,,,,,,,,,,,,,,,,,,,,,,,,,,,,,,,,,,,,,,,,,,,,,,,,,,,,,,,,,,,
99352162,99352161,1139089,"Euronet","PAYOUT","8302253","2026-03-20","","PG",,1,170670.76,1,"Euronet Services India Private Limited","ESPL00400296","ICIC0000104","","8302253","default","1",105,"PAYTMECOM","AABCE0288Q",,true,,,true,,,,,,,,,7618.26,1371.87,,,,,,,,,,,,,,,,,,,,,,,,,,,,,,,,,,,,,,,,,,,,,,,,,,,,,,,,,,,,,,,,,,,,,,,,,,,,,,,,,,,,,,,,,,,,,,,,,,,,,,,,,,,,,,,,,,,,,,,,,,,,,,,,,,,,,,,,,,,,,,,,,,,,,,,,,,,,,,,,,,,,,,,,,,,,,,,,,,,,,,,,,,,,,,,,,,,,,,,,,
99352163,99352161,1139089,"Euronet","PAYOUT","8302253","2026-03-20","","COD",,1,3160.65,1,"Euronet Services India Private Limited","ESPL00400296","ICIC0000104","","8302253","default","1",105,"PAYTMECOM","AABCE0288Q",,true,,,true,,,,,,,,,143.01,25.71,,,,,,,,,,,,,,,,,,,,,,,,,,,,,,,,,,,,,,,,,,,,,,,,,,,,,,,,,,,,,,,,,,,,,,,,,,,,,,,,,,,,,,,,,,,,,,,,,,,,,,,,,,,,,,,,,,,,,,,,,,,,,,,,,,,,,,,,,,,,,,,,,,,,,,,,,,,,,,,,,,,,,,,,,,,,,,,,,,,,,,,,,,,,,,,,,,,,,,,,,
99352165,99352164,1139089,"Euronet","PAYOUT","8302253","2026-03-20","","PG",,1,230779.78,1,"Euronet Services India Private Limited","ESPL00400296","ICIC0000104","","8302253","default","1",105,"PAYTMECOM","AABCE0288Q",,true,,,true,,,,,,,,,10301.23,1854.83,,,,,,,,,,,,,,,,,,,,,,,,,,,,,,,,,,,,,,,,,,,,,,,,,,,,,,,,,,,,,,,,,,,,,,,,,,,,,,,,,,,,,,,,,,,,,,,,,,,,,,,,,,,,,,,,,,,,,,,,,,,,,,,,,,,,,,,,,,,,,,,,,,,,,,,,,,,,,,,,,,,,,,,,,,,,,,,,,,,,,,,,,,,,,,,,,,,,,,,,,
99352166,99352164,1139089,"Euronet","PAYOUT","8302253","2026-03-20","","COD",,1,4725.3,1,"Euronet Services India Private Limited","ESPL00400296","ICIC0000104","","8302253","default","1",105,"PAYTMECOM","AABCE0288Q",,true,,,true,,,,,,,,,210.7,38.01,,,,,,,,,,,,,,,,,,,,,,,,,,,,,,,,,,,,,,,,,,,,,,,,,,,,,,,,,,,,,,,,,,,,,,,,,,,,,,,,,,,,,,,,,,,,,,,,,,,,,,,,,,,,,,,,,,,,,,,,,,,,,,,,,,,,,,,,,,,,,,,,,,,,,,,,,,,,,,,,,,,,,,,,,,,,,,,,,,,,,,,,,,,,,,,,,,,,,,,,,
99352168,99352167,1139089,"Euronet","PAYOUT","8302253","2026-03-20","","PG",,1,194246.78,1,"Euronet Services India Private Limited","ESPL00400296","ICIC0000104","","8302253","default","1",105,"PAYTMECOM","AABCE0288Q",,true,,,true,,,,,,,,,8669.79,1561.26,,,,,,,,,,,,,,,,,,,,,,,,,,,,,,,,,,,,,,,,,,,,,,,,,,,,,,,,,,,,,,,,,,,,,,,,,,,,,,,,,,,,,,,,,,,,,,,,,,,,,,,,,,,,,,,,,,,,,,,,,,,,,,,,,,,,,,,,,,,,,,,,,,,,,,,,,,,,,,,,,,,,,,,,,,,,,,,,,,,,,,,,,,,,,,,,,,,,,,,,,
99352169,99352167,1139089,"Euronet","PAYOUT","8302253","2026-03-20","","COD",,1,3443.75,1,"Euronet Services India Private Limited","ESPL00400296","ICIC0000104","","8302253","default","1",105,"PAYTMECOM","AABCE0288Q",,true,,,true,,,,,,,,,154.18,27.79,,,,,,,,,,,,,,,,,,,,,,,,,,,,,,,,,,,,,,,,,,,,,,,,,,,,,,,,,,,,,,,,,,,,,,,,,,,,,,,,,,,,,,,,,,,,,,,,,,,,,,,,,,,,,,,,,,,,,,,,,,,,,,,,,,,,,,,,,,,,,,,,,,,,,,,,,,,,,,,,,,,,,,,,,,,,,,,,,,,,,,,,,,,,,,,,,,,,,,,,,
99352171,99352170,1139089,"Euronet","PAYOUT","8302253","2026-03-20","","PG",,1,180635.82,1,"Euronet Services India Private Limited","ESPL00400296","ICIC0000104","","8302253","default","1",105,"PAYTMECOM","AABCE0288Q",,true,,,true,,,,,,,,,8063.04,1451.87,,,,,,,,,,,,,,,,,,,,,,,,,,,,,,,,,,,,,,,,,,,,,,,,,,,,,,,,,,,,,,,,,,,,,,,,,,,,,,,,,,,,,,,,,,,,,,,,,,,,,,,,,,,,,,,,,,,,,,,,,,,,,,,,,,,,,,,,,,,,,,,,,,,,,,,,,,,,,,,,,,,,,,,,,,,,,,,,,,,,,,,,,,,,,,,,,,,,,,,,,
99352172,99352170,1139089,"Euronet","PAYOUT","8302253","2026-03-20","","COD",,1,3385.79,1,"Euronet Services India Private Limited","ESPL00400296","ICIC0000104","","8302253","default","1",105,"PAYTMECOM","AABCE0288Q",,true,,,true,,,,,,,,,150.54,27.18,,,,,,,,,,,,,,,,,,,,,,,,,,,,,,,,,,,,,,,,,,,,,,,,,,,,,,,,,,,,,,,,,,,,,,,,,,,,,,,,,,,,,,,,,,,,,,,,,,,,,,,,,,,,,,,,,,,,,,,,,,,,,,,,,,,,,,,,,,,,,,,,,,,,,,,,,,,,,,,,,,,,,,,,,,,,,,,,,,,,,,,,,,,,,,,,,,,,,,,,,
99352174,99352173,1139089,"Euronet","PAYOUT","8302253","2026-03-20","","PG",,1,185149.33,1,"Euronet Services India Private Limited","ESPL00400296","ICIC0000104","","8302253","default","1",105,"PAYTMECOM","AABCE0288Q",,true,,,true,,,,,,,,,8264.08,1488.07,,,,,,,,,,,,,,,,,,,,,,,,,,,,,,,,,,,,,,,,,,,,,,,,,,,,,,,,,,,,,,,,,,,,,,,,,,,,,,,,,,,,,,,,,,,,,,,,,,,,,,,,,,,,,,,,,,,,,,,,,,,,,,,,,,,,,,,,,,,,,,,,,,,,,,,,,,,,,,,,,,,,,,,,,,,,,,,,,,,,,,,,,,,,,,,,,,,,,,,,,
99352175,99352173,1139089,"Euronet","PAYOUT","8302253","2026-03-20","","COD",,1,3658.45,1,"Euronet Services India Private Limited","ESPL00400296","ICIC0000104","","8302253","default","1",105,"PAYTMECOM","AABCE0288Q",,true,,,true,,,,,,,,,165.1,29.81,,,,,,,,,,,,,,,,,,,,,,,,,,,,,,,,,,,,,,,,,,,,,,,,,,,,,,,,,,,,,,,,,,,,,,,,,,,,,,,,,,,,,,,,,,,,,,,,,,,,,,,,,,,,,,,,,,,,,,,,,,,,,,,,,,,,,,,,,,,,,,,,,,,,,,,,,,,,,,,,,,,,,,,,,,,,,,,,,,,,,,,,,,,,,,,,,,,,,,,,,
99352177,99352176,1139089,"Euronet","PAYOUT","8302253","2026-03-20","","PG",,1,204929.45,1,"Euronet Services India Private Limited","ESPL00400296","ICIC0000104","","8302253","default","1",105,"PAYTMECOM","AABCE0288Q",,true,,,true,,,,,,,,,9145.85,1646.9,,,,,,,,,,,,,,,,,,,,,,,,,,,,,,,,,,,,,,,,,,,,,,,,,,,,,,,,,,,,,,,,,,,,,,,,,,,,,,,,,,,,,,,,,,,,,,,,,,,,,,,,,,,,,,,,,,,,,,,,,,,,,,,,,,,,,,,,,,,,,,,,,,,,,,,,,,,,,,,,,,,,,,,,,,,,,,,,,,,,,,,,,,,,,,,,,,,,,,,,,
99352178,99352176,1139089,"Euronet","PAYOUT","8302253","2026-03-20","","COD",,1,3844.65,1,"Euronet Services India Private Limited","ESPL00400296","ICIC0000104","","8302253","default","1",105,"PAYTMECOM","AABCE0288Q",,true,,,true,,,,,,,,,172.43,31.07,,,,,,,,,,,,,,,,,,,,,,,,,,,,,,,,,,,,,,,,,,,,,,,,,,,,,,,,,,,,,,,,,,,,,,,,,,,,,,,,,,,,,,,,,,,,,,,,,,,,,,,,,,,,,,,,,,,,,,,,,,,,,,,,,,,,,,,,,,,,,,,,,,,,,,,,,,,,,,,,,,,,,,,,,,,,,,,,,,,,,,,,,,,,,,,,,,,,,,,,,
99352180,99352179,1139089,"Euronet","PAYOUT","8302253","2026-03-20","","PG",,1,170640.18,1,"Euronet Services India Private Limited","ESPL00400296","ICIC0000104","","8302253","default","1",105,"PAYTMECOM","AABCE0288Q",,true,,,true,,,,,,,,,7616.63,1371.76,,,,,,,,,,,,,,,,,,,,,,,,,,,,,,,,,,,,,,,,,,,,,,,,,,,,,,,,,,,,,,,,,,,,,,,,,,,,,,,,,,,,,,,,,,,,,,,,,,,,,,,,,,,,,,,,,,,,,,,,,,,,,,,,,,,,,,,,,,,,,,,,,,,,,,,,,,,,,,,,,,,,,,,,,,,,,,,,,,,,,,,,,,,,,,,,,,,,,,,,,
99352181,99352179,1139089,"Euronet","PAYOUT","8302253","2026-03-20","","COD",,1,3412.4,1,"Euronet Services India Private Limited","ESPL00400296","ICIC0000104","","8302253","default","1",105,"PAYTMECOM","AABCE0288Q",,true,,,true,,,,,,,,,153.92,27.73,,,,,,,,,,,,,,,,,,,,,,,,,,,,,,,,,,,,,,,,,,,,,,,,,,,,,,,,,,,,,,,,,,,,,,,,,,,,,,,,,,,,,,,,,,,,,,,,,,,,,,,,,,,,,,,,,,,,,,,,,,,,,,,,,,,,,,,,,,,,,,,,,,,,,,,,,,,,,,,,,,,,,,,,,,,,,,,,,,,,,,,,,,,,,,,,,,,,,,,,,
99352183,99352182,1139089,"Euronet","PAYOUT","8302253","2026-03-20","","PG",,1,189568.38,1,"Euronet Services India Private Limited","ESPL00400296","ICIC0000104","","8302253","default","1",105,"PAYTMECOM","AABCE0288Q",,true,,,true,,,,,,,,,8460.24,1523.42,,,,,,,,,,,,,,,,,,,,,,,,,,,,,,,,,,,,,,,,,,,,,,,,,,,,,,,,,,,,,,,,,,,,,,,,,,,,,,,,,,,,,,,,,,,,,,,,,,,,,,,,,,,,,,,,,,,,,,,,,,,,,,,,,,,,,,,,,,,,,,,,,,,,,,,,,,,,,,,,,,,,,,,,,,,,,,,,,,,,,,,,,,,,,,,,,,,,,,,,,
99352184,99352182,1139089,"Euronet","PAYOUT","8302253","2026-03-20","","COD",,1,3313.6,1,"Euronet Services India Private Limited","ESPL00400296","ICIC0000104","","8302253","default","1",105,"PAYTMECOM","AABCE0288Q",,true,,,true,,,,,,,,,150.39,27.03,,,,,,,,,,,,,,,,,,,,,,,,,,,,,,,,,,,,,,,,,,,,,,,,,,,,,,,,,,,,,,,,,,,,,,,,,,,,,,,,,,,,,,,,,,,,,,,,,,,,,,,,,,,,,,,,,,,,,,,,,,,,,,,,,,,,,,,,,,,,,,,,,,,,,,,,,,,,,,,,,,,,,,,,,,,,,,,,,,,,,,,,,,,,,,,,,,,,,,,,,
99352186,99352185,1139089,"Euronet","PAYOUT","8302253","2026-03-20","","PG",,1,197632.71,1,"Euronet Services India Private Limited","ESPL00400296","ICIC0000104","","8302253","default","1",105,"PAYTMECOM","AABCE0288Q",,true,,,true,,,,,,,,,8820.29,1588.25,,,,,,,,,,,,,,,,,,,,,,,,,,,,,,,,,,,,,,,,,,,,,,,,,,,,,,,,,,,,,,,,,,,,,,,,,,,,,,,,,,,,,,,,,,,,,,,,,,,,,,,,,,,,,,,,,,,,,,,,,,,,,,,,,,,,,,,,,,,,,,,,,,,,,,,,,,,,,,,,,,,,,,,,,,,,,,,,,,,,,,,,,,,,,,,,,,,,,,,,,
99352187,99352185,1139089,"Euronet","PAYOUT","8302253","2026-03-20","","COD",,1,3894.05,1,"Euronet Services India Private Limited","ESPL00400296","ICIC0000104","","8302253","default","1",105,"PAYTMECOM","AABCE0288Q",,true,,,true,,,,,,,,,174.53,31.44,,,,,,,,,,,,,,,,,,,,,,,,,,,,,,,,,,,,,,,,,,,,,,,,,,,,,,,,,,,,,,,,,,,,,,,,,,,,,,,,,,,,,,,,,,,,,,,,,,,,,,,,,,,,,,,,,,,,,,,,,,,,,,,,,,,,,,,,,,,,,,,,,,,,,,,,,,,,,,,,,,,,,,,,,,,,,,,,,,,,,,,,,,,,,,,,,,,,,,,,,
99352189,99352188,1139089,"Euronet","PAYOUT","8302253","2026-03-20","","PG",,1,198633.97,1,"Euronet Services India Private Limited","ESPL00400296","ICIC0000104","","8302253","default","1",105,"PAYTMECOM","AABCE0288Q",,true,,,true,,,,,,,,,8864.46,1596.34,,,,,,,,,,,,,,,,,,,,,,,,,,,,,,,,,,,,,,,,,,,,,,,,,,,,,,,,,,,,,,,,,,,,,,,,,,,,,,,,,,,,,,,,,,,,,,,,,,,,,,,,,,,,,,,,,,,,,,,,,,,,,,,,,,,,,,,,,,,,,,,,,,,,,,,,,,,,,,,,,,,,,,,,,,,,,,,,,,,,,,,,,,,,,,,,,,,,,,,,,
99352190,99352188,1139089,"Euronet","PAYOUT","8302253","2026-03-20","","COD",,1,3994.75,1,"Euronet Services India Private Limited","ESPL00400296","ICIC0000104","","8302253","default","1",105,"PAYTMECOM","AABCE0288Q",,true,,,true,,,,,,,,,181.09,32.59,,,,,,,,,,,,,,,,,,,,,,,,,,,,,,,,,,,,,,,,,,,,,,,,,,,,,,,,,,,,,,,,,,,,,,,,,,,,,,,,,,,,,,,,,,,,,,,,,,,,,,,,,,,,,,,,,,,,,,,,,,,,,,,,,,,,,,,,,,,,,,,,,,,,,,,,,,,,,,,,,,,,,,,,,,,,,,,,,,,,,,,,,,,,,,,,,,,,,,,,,
99352192,99352191,1139089,"Euronet","PAYOUT","8302253","2026-03-20","","PG",,1,212188.2,1,"Euronet Services India Private Limited","ESPL00400296","ICIC0000104","","8302253","default","1",105,"PAYTMECOM","AABCE0288Q",,true,,,true,,,,,,,,,9470.12,1705.26,,,,,,,,,,,,,,,,,,,,,,,,,,,,,,,,,,,,,,,,,,,,,,,,,,,,,,,,,,,,,,,,,,,,,,,,,,,,,,,,,,,,,,,,,,,,,,,,,,,,,,,,,,,,,,,,,,,,,,,,,,,,,,,,,,,,,,,,,,,,,,,,,,,,,,,,,,,,,,,,,,,,,,,,,,,,,,,,,,,,,,,,,,,,,,,,,,,,,,,,,
99352193,99352191,1139089,"Euronet","PAYOUT","8302253","2026-03-20","","COD",,1,3341.15,1,"Euronet Services India Private Limited","ESPL00400296","ICIC0000104","","8302253","default","1",105,"PAYTMECOM","AABCE0288Q",,true,,,true,,,,,,,,,149.91,27.08,,,,,,,,,,,,,,,,,,,,,,,,,,,,,,,,,,,,,,,,,,,,,,,,,,,,,,,,,,,,,,,,,,,,,,,,,,,,,,,,,,,,,,,,,,,,,,,,,,,,,,,,,,,,,,,,,,,,,,,,,,,,,,,,,,,,,,,,,,,,,,,,,,,,,,,,,,,,,,,,,,,,,,,,,,,,,,,,,,,,,,,,,,,,,,,,,,,,,,,,,
99352195,99352194,1139089,"Euronet","PAYOUT","8302253","2026-03-20","","PG",,1,218380,1,"Euronet Services India Private Limited","ESPL00400296","ICIC0000104","","8302253","default","1",105,"PAYTMECOM","AABCE0288Q",,true,,,true,,,,,,,,,9745.01,1754.63,,,,,,,,,,,,,,,,,,,,,,,,,,,,,,,,,,,,,,,,,,,,,,,,,,,,,,,,,,,,,,,,,,,,,,,,,,,,,,,,,,,,,,,,,,,,,,,,,,,,,,,,,,,,,,,,,,,,,,,,,,,,,,,,,,,,,,,,,,,,,,,,,,,,,,,,,,,,,,,,,,,,,,,,,,,,,,,,,,,,,,,,,,,,,,,,,,,,,,,,,
99352196,99352194,1139089,"Euronet","PAYOUT","8302253","2026-03-20","","COD",,1,4648.35,1,"Euronet Services India Private Limited","ESPL00400296","ICIC0000104","","8302253","default","1",105,"PAYTMECOM","AABCE0288Q",,true,,,true,,,,,,,,,209.74,37.87,,,,,,,,,,,,,,,,,,,,,,,,,,,,,,,,,,,,,,,,,,,,,,,,,,,,,,,,,,,,,,,,,,,,,,,,,,,,,,,,,,,,,,,,,,,,,,,,,,,,,,,,,,,,,,,,,,,,,,,,,,,,,,,,,,,,,,,,,,,,,,,,,,,,,,,,,,,,,,,,,,,,,,,,,,,,,,,,,,,,,,,,,,,,,,,,,,,,,,,,,
99352198,99352197,1139089,"Euronet","PAYOUT","8302253","2026-03-20","","PG",,1,177530.56,1,"Euronet Services India Private Limited","ESPL00400296","ICIC0000104","","8302253","default","1",105,"PAYTMECOM","AABCE0288Q",,true,,,true,,,,,,,,,7923.18,1426.63,,,,,,,,,,,,,,,,,,,,,,,,,,,,,,,,,,,,,,,,,,,,,,,,,,,,,,,,,,,,,,,,,,,,,,,,,,,,,,,,,,,,,,,,,,,,,,,,,,,,,,,,,,,,,,,,,,,,,,,,,,,,,,,,,,,,,,,,,,,,,,,,,,,,,,,,,,,,,,,,,,,,,,,,,,,,,,,,,,,,,,,,,,,,,,,,,,,,,,,,,
99352199,99352197,1139089,"Euronet","PAYOUT","8302253","2026-03-20","","COD",,1,3350.65,1,"Euronet Services India Private Limited","ESPL00400296","ICIC0000104","","8302253","default","1",105,"PAYTMECOM","AABCE0288Q",,true,,,true,,,,,,,,,150.15,27.11,,,,,,,,,,,,,,,,,,,,,,,,,,,,,,,,,,,,,,,,,,,,,,,,,,,,,,,,,,,,,,,,,,,,,,,,,,,,,,,,,,,,,,,,,,,,,,,,,,,,,,,,,,,,,,,,,,,,,,,,,,,,,,,,,,,,,,,,,,,,,,,,,,,,,,,,,,,,,,,,,,,,,,,,,,,,,,,,,,,,,,,,,,,,,,,,,,,,,,,,,
99352201,99352200,1139089,"Euronet","PAYOUT","8302253","2026-03-20","","PG",,1,192227.29,1,"Euronet Services India Private Limited","ESPL00400296","ICIC0000104","","8302253","default","1",105,"PAYTMECOM","AABCE0288Q",,true,,,true,,,,,,,,,8579.49,1544.82,,,,,,,,,,,,,,,,,,,,,,,,,,,,,,,,,,,,,,,,,,,,,,,,,,,,,,,,,,,,,,,,,,,,,,,,,,,,,,,,,,,,,,,,,,,,,,,,,,,,,,,,,,,,,,,,,,,,,,,,,,,,,,,,,,,,,,,,,,,,,,,,,,,,,,,,,,,,,,,,,,,,,,,,,,,,,,,,,,,,,,,,,,,,,,,,,,,,,,,,,
99352202,99352200,1139089,"Euronet","PAYOUT","8302253","2026-03-20","","COD",,1,3143.55,1,"Euronet Services India Private Limited","ESPL00400296","ICIC0000104","","8302253","default","1",105,"PAYTMECOM","AABCE0288Q",,true,,,true,,,,,,,,,140.89,25.44,,,,,,,,,,,,,,,,,,,,,,,,,,,,,,,,,,,,,,,,,,,,,,,,,,,,,,,,,,,,,,,,,,,,,,,,,,,,,,,,,,,,,,,,,,,,,,,,,,,,,,,,,,,,,,,,,,,,,,,,,,,,,,,,,,,,,,,,,,,,,,,,,,,,,,,,,,,,,,,,,,,,,,,,,,,,,,,,,,,,,,,,,,,,,,,,,,,,,,,,,
99352204,99352203,1139089,"Euronet","PAYOUT","8302253","2026-03-20","","PG",,1,182617.34,1,"Euronet Services India Private Limited","ESPL00400296","ICIC0000104","","8302253","default","1",105,"PAYTMECOM","AABCE0288Q",,true,,,true,,,,,,,,,8149.43,1467.51,,,,,,,,,,,,,,,,,,,,,,,,,,,,,,,,,,,,,,,,,,,,,,,,,,,,,,,,,,,,,,,,,,,,,,,,,,,,,,,,,,,,,,,,,,,,,,,,,,,,,,,,,,,,,,,,,,,,,,,,,,,,,,,,,,,,,,,,,,,,,,,,,,,,,,,,,,,,,,,,,,,,,,,,,,,,,,,,,,,,,,,,,,,,,,,,,,,,,,,,,
99352205,99352203,1139089,"Euronet","PAYOUT","8302253","2026-03-20","","COD",,1,2999.15,1,"Euronet Services India Private Limited","ESPL00400296","ICIC0000104","","8302253","default","1",105,"PAYTMECOM","AABCE0288Q",,true,,,true,,,,,,,,,135.46,24.5,,,,,,,,,,,,,,,,,,,,,,,,,,,,,,,,,,,,,,,,,,,,,,,,,,,,,,,,,,,,,,,,,,,,,,,,,,,,,,,,,,,,,,,,,,,,,,,,,,,,,,,,,,,,,,,,,,,,,,,,,,,,,,,,,,,,,,,,,,,,,,,,,,,,,,,,,,,,,,,,,,,,,,,,,,,,,,,,,,,,,,,,,,,,,,,,,,,,,,,,,
99352207,99352206,1139089,"Euronet","PAYOUT","8302253","2026-03-20","","PG",,1,181369.23,1,"Euronet Services India Private Limited","ESPL00400296","ICIC0000104","","8302253","default","1",105,"PAYTMECOM","AABCE0288Q",,true,,,true,,,,,,,,,8094.49,1457.59,,,,,,,,,,,,,,,,,,,,,,,,,,,,,,,,,,,,,,,,,,,,,,,,,,,,,,,,,,,,,,,,,,,,,,,,,,,,,,,,,,,,,,,,,,,,,,,,,,,,,,,,,,,,,,,,,,,,,,,,,,,,,,,,,,,,,,,,,,,,,,,,,,,,,,,,,,,,,,,,,,,,,,,,,,,,,,,,,,,,,,,,,,,,,,,,,,,,,,,,,
99352208,99352206,1139089,"Euronet","PAYOUT","8302253","2026-03-20","","COD",,1,3373.45,1,"Euronet Services India Private Limited","ESPL00400296","ICIC0000104","","8302253","default","1",105,"PAYTMECOM","AABCE0288Q",,true,,,true,,,,,,,,,151.13,27.22,,,,,,,,,,,,,,,,,,,,,,,,,,,,,,,,,,,,,,,,,,,,,,,,,,,,,,,,,,,,,,,,,,,,,,,,,,,,,,,,,,,,,,,,,,,,,,,,,,,,,,,,,,,,,,,,,,,,,,,,,,,,,,,,,,,,,,,,,,,,,,,,,,,,,,,,,,,,,,,,,,,,,,,,,,,,,,,,,,,,,,,,,,,,,,,,,,,,,,,,,
99352210,99352209,1139089,"Euronet","PAYOUT","8302253","2026-03-20","","PG",,1,205132.73,1,"Euronet Services India Private Limited","ESPL00400296","ICIC0000104","","8302253","default","1",105,"PAYTMECOM","AABCE0288Q",,true,,,true,,,,,,,,,9155.23,1648.37,,,,,,,,,,,,,,,,,,,,,,,,,,,,,,,,,,,,,,,,,,,,,,,,,,,,,,,,,,,,,,,,,,,,,,,,,,,,,,,,,,,,,,,,,,,,,,,,,,,,,,,,,,,,,,,,,,,,,,,,,,,,,,,,,,,,,,,,,,,,,,,,,,,,,,,,,,,,,,,,,,,,,,,,,,,,,,,,,,,,,,,,,,,,,,,,,,,,,,,,,
99352211,99352209,1139089,"Euronet","PAYOUT","8302253","2026-03-20","","COD",,1,3991.9,1,"Euronet Services India Private Limited","ESPL00400296","ICIC0000104","","8302253","default","1",105,"PAYTMECOM","AABCE0288Q",,true,,,true,,,,,,,,,179.05,32.4,,,,,,,,,,,,,,,,,,,,,,,,,,,,,,,,,,,,,,,,,,,,,,,,,,,,,,,,,,,,,,,,,,,,,,,,,,,,,,,,,,,,,,,,,,,,,,,,,,,,,,,,,,,,,,,,,,,,,,,,,,,,,,,,,,,,,,,,,,,,,,,,,,,,,,,,,,,,,,,,,,,,,,,,,,,,,,,,,,,,,,,,,,,,,,,,,,,,,,,,,
99352213,99352212,1139089,"Euronet","PAYOUT","8302253","2026-03-20","","PG",,1,190681.69,1,"Euronet Services India Private Limited","ESPL00400296","ICIC0000104","","8302253","default","1",105,"PAYTMECOM","AABCE0288Q",,true,,,true,,,,,,,,,8509.76,1532.31,,,,,,,,,,,,,,,,,,,,,,,,,,,,,,,,,,,,,,,,,,,,,,,,,,,,,,,,,,,,,,,,,,,,,,,,,,,,,,,,,,,,,,,,,,,,,,,,,,,,,,,,,,,,,,,,,,,,,,,,,,,,,,,,,,,,,,,,,,,,,,,,,,,,,,,,,,,,,,,,,,,,,,,,,,,,,,,,,,,,,,,,,,,,,,,,,,,,,,,,,
99352214,99352212,1139089,"Euronet","PAYOUT","8302253","2026-03-20","","COD",,1,3233.8,1,"Euronet Services India Private Limited","ESPL00400296","ICIC0000104","","8302253","default","1",105,"PAYTMECOM","AABCE0288Q",,true,,,true,,,,,,,,,145.65,26.27,,,,,,,,,,,,,,,,,,,,,,,,,,,,,,,,,,,,,,,,,,,,,,,,,,,,,,,,,,,,,,,,,,,,,,,,,,,,,,,,,,,,,,,,,,,,,,,,,,,,,,,,,,,,,,,,,,,,,,,,,,,,,,,,,,,,,,,,,,,,,,,,,,,,,,,,,,,,,,,,,,,,,,,,,,,,,,,,,,,,,,,,,,,,,,,,,,,,,,,,,
99352216,99352215,1470161,"Nayveau Private Limited","PAYOUT","8303155","2026-03-20","","PG",,1,122329.55,1,"NAYVEAU PRIVATE LIMITED","777705121118","ICIC0001640","","8303155","default","1",30,"PAYTMECOM","AAGCN2813H",,true,,,true,,,,,,,,,2801.25,504.2,,,,,,,,,,,,,,,,,,,,,,,,,,,,,,,,,,,,,,,,,,,,,,,,,,,,,,,,,,,,,,,,,,,,,,,,,,,,,,,,,,,,,,,,,,,,,,,,,,,,,,,,,,,,,,,,,,,,,,,,,,,,,,,,,,,,,,,,,,,,,,,,,,,,,,,,,,,,,,,,,,,,,,,,,,,,,,,,,,,,,,,,,,,,,,,,,,,,,,,,,
99352218,99352217,1337132,"Razorpay Engage","PAYOUT","8303115","2026-03-20","","PG",,1,1698235.07,1,"Viverati Interactive Marketing Private Limited","10079886707","IDFB0080151","","8303115","default","1",30,"PAYTMECOM","AADCV6221E",,true,,,true,,,,,,,,,121233.34,21822.4,,,,,,,,,,,,,,,,,,,,,,,,,,,,,,,,,,,,,,,,,,,,,,,,,,,,,,,,,,,,,,,,,,,,,,,,,,,,,,,,,,,,,,,,,,,,,,,,,,,,,,,,,,,,,,,,,,,,,,,,,,,,,,,,,,,,,,,,,,,,,,,,,,,,,,,,,,,,,,,,,,,,,,,,,,,,,,,,,,,,,,,,,,,,,,,,,,,,,,,,,
99352219,99352217,1337132,"Razorpay Engage","PAYOUT","8303115","2026-03-20","","COD",,1,273744.61,1,"Viverati Interactive Marketing Private Limited","10079886707","IDFB0080151","","8303115","default","1",30,"PAYTMECOM","AADCV6221E",,true,,,true,,,,,,,,,18554.8,3340.04,,,,,,,,,,,,,,,,,,,,,,,,,,,,,,,,,,,,,,,,,,,,,,,,,,,,,,,,,,,,,,,,,,,,,,,,,,,,,,,,,,,,,,,,,,,,,,,,,,,,,,,,,,,,,,,,,,,,,,,,,,,,,,,,,,,,,,,,,,,,,,,,,,,,,,,,,,,,,,,,,,,,,,,,,,,,,,,,,,,,,,,,,,,,,,,,,,,,,,,,,
99352221,99352220,1139089,"Euronet","PAYOUT","8302253","2026-03-20","","PG",,1,184141.16,1,"Euronet Services India Private Limited","ESPL00400296","ICIC0000104","","8302253","default","1",105,"PAYTMECOM","AABCE0288Q",,true,,,true,,,,,,,,,8218.54,1479.94,,,,,,,,,,,,,,,,,,,,,,,,,,,,,,,,,,,,,,,,,,,,,,,,,,,,,,,,,,,,,,,,,,,,,,,,,,,,,,,,,,,,,,,,,,,,,,,,,,,,,,,,,,,,,,,,,,,,,,,,,,,,,,,,,,,,,,,,,,,,,,,,,,,,,,,,,,,,,,,,,,,,,,,,,,,,,,,,,,,,,,,,,,,,,,,,,,,,,,,,,
99352222,99352220,1139089,"Euronet","PAYOUT","8302253","2026-03-20","","COD",,1,3510.24,1,"Euronet Services India Private Limited","ESPL00400296","ICIC0000104","","8302253","default","1",105,"PAYTMECOM","AABCE0288Q",,true,,,true,,,,,,,,,157.06,28.34,,,,,,,,,,,,,,,,,,,,,,,,,,,,,,,,,,,,,,,,,,,,,,,,,,,,,,,,,,,,,,,,,,,,,,,,,,,,,,,,,,,,,,,,,,,,,,,,,,,,,,,,,,,,,,,,,,,,,,,,,,,,,,,,,,,,,,,,,,,,,,,,,,,,,,,,,,,,,,,,,,,,,,,,,,,,,,,,,,,,,,,,,,,,,,,,,,,,,,,,,
99352224,99352223,1139089,"Euronet","PAYOUT","8302253","2026-03-20","","PG",,1,229966.69,1,"Euronet Services India Private Limited","ESPL00400296","ICIC0000104","","8302253","default","1",105,"PAYTMECOM","AABCE0288Q",,true,,,true,,,,,,,,,10263.84,1848.01,,,,,,,,,,,,,,,,,,,,,,,,,,,,,,,,,,,,,,,,,,,,,,,,,,,,,,,,,,,,,,,,,,,,,,,,,,,,,,,,,,,,,,,,,,,,,,,,,,,,,,,,,,,,,,,,,,,,,,,,,,,,,,,,,,,,,,,,,,,,,,,,,,,,,,,,,,,,,,,,,,,,,,,,,,,,,,,,,,,,,,,,,,,,,,,,,,,,,,,,,
99352225,99352223,1139089,"Euronet","PAYOUT","8302253","2026-03-20","","COD",,1,4146.75,1,"Euronet Services India Private Limited","ESPL00400296","ICIC0000104","","8302253","default","1",105,"PAYTMECOM","AABCE0288Q",,true,,,true,,,,,,,,,185.39,33.38,,,,,,,,,,,,,,,,,,,,,,,,,,,,,,,,,,,,,,,,,,,,,,,,,,,,,,,,,,,,,,,,,,,,,,,,,,,,,,,,,,,,,,,,,,,,,,,,,,,,,,,,,,,,,,,,,,,,,,,,,,,,,,,,,,,,,,,,,,,,,,,,,,,,,,,,,,,,,,,,,,,,,,,,,,,,,,,,,,,,,,,,,,,,,,,,,,,,,,,,,
99352227,99352226,1139089,"Euronet","PAYOUT","8302253","2026-03-20","","PG",,1,208668.54,1,"Euronet Services India Private Limited","ESPL00400296","ICIC0000104","","8302253","default","1",105,"PAYTMECOM","AABCE0288Q",,true,,,true,,,,,,,,,9313.25,1677.07,,,,,,,,,,,,,,,,,,,,,,,,,,,,,,,,,,,,,,,,,,,,,,,,,,,,,,,,,,,,,,,,,,,,,,,,,,,,,,,,,,,,,,,,,,,,,,,,,,,,,,,,,,,,,,,,,,,,,,,,,,,,,,,,,,,,,,,,,,,,,,,,,,,,,,,,,,,,,,,,,,,,,,,,,,,,,,,,,,,,,,,,,,,,,,,,,,,,,,,,,
99352228,99352226,1139089,"Euronet","PAYOUT","8302253","2026-03-20","","COD",,1,3732.55,1,"Euronet Services India Private Limited","ESPL00400296","ICIC0000104","","8302253","default","1",105,"PAYTMECOM","AABCE0288Q",,true,,,true,,,,,,,,,166.65,30.03,,,,,,,,,,,,,,,,,,,,,,,,,,,,,,,,,,,,,,,,,,,,,,,,,,,,,,,,,,,,,,,,,,,,,,,,,,,,,,,,,,,,,,,,,,,,,,,,,,,,,,,,,,,,,,,,,,,,,,,,,,,,,,,,,,,,,,,,,,,,,,,,,,,,,,,,,,,,,,,,,,,,,,,,,,,,,,,,,,,,,,,,,,,,,,,,,,,,,,,,,
99352230,99352229,1139089,"Euronet","PAYOUT","8302253","2026-03-20","","PG",,1,174303.34,1,"Euronet Services India Private Limited","ESPL00400296","ICIC0000104","","8302253","default","1",105,"PAYTMECOM","AABCE0288Q",,true,,,true,,,,,,,,,7778.29,1400.86,,,,,,,,,,,,,,,,,,,,,,,,,,,,,,,,,,,,,,,,,,,,,,,,,,,,,,,,,,,,,,,,,,,,,,,,,,,,,,,,,,,,,,,,,,,,,,,,,,,,,,,,,,,,,,,,,,,,,,,,,,,,,,,,,,,,,,,,,,,,,,,,,,,,,,,,,,,,,,,,,,,,,,,,,,,,,,,,,,,,,,,,,,,,,,,,,,,,,,,,,
99352231,99352229,1139089,"Euronet","PAYOUT","8302253","2026-03-20","","COD",,1,3598.6,1,"Euronet Services India Private Limited","ESPL00400296","ICIC0000104","","8302253","default","1",105,"PAYTMECOM","AABCE0288Q",,true,,,true,,,,,,,,,161.78,29.19,,,,,,,,,,,,,,,,,,,,,,,,,,,,,,,,,,,,,,,,,,,,,,,,,,,,,,,,,,,,,,,,,,,,,,,,,,,,,,,,,,,,,,,,,,,,,,,,,,,,,,,,,,,,,,,,,,,,,,,,,,,,,,,,,,,,,,,,,,,,,,,,,,,,,,,,,,,,,,,,,,,,,,,,,,,,,,,,,,,,,,,,,,,,,,,,,,,,,,,,,
99352233,99352232,1139089,"Euronet","PAYOUT","8302253","2026-03-20","","PG",,1,193751.97,1,"Euronet Services India Private Limited","ESPL00400296","ICIC0000104","","8302253","default","1",105,"PAYTMECOM","AABCE0288Q",,true,,,true,,,,,,,,,8648.02,1557.42,,,,,,,,,,,,,,,,,,,,,,,,,,,,,,,,,,,,,,,,,,,,,,,,,,,,,,,,,,,,,,,,,,,,,,,,,,,,,,,,,,,,,,,,,,,,,,,,,,,,,,,,,,,,,,,,,,,,,,,,,,,,,,,,,,,,,,,,,,,,,,,,,,,,,,,,,,,,,,,,,,,,,,,,,,,,,,,,,,,,,,,,,,,,,,,,,,,,,,,,,
99352234,99352232,1139089,"Euronet","PAYOUT","8302253","2026-03-20","","COD",,1,3686,1,"Euronet Services India Private Limited","ESPL00400296","ICIC0000104","","8302253","default","1",105,"PAYTMECOM","AABCE0288Q",,true,,,true,,,,,,,,,164.5,29.57,,,,,,,,,,,,,,,,,,,,,,,,,,,,,,,,,,,,,,,,,,,,,,,,,,,,,,,,,,,,,,,,,,,,,,,,,,,,,,,,,,,,,,,,,,,,,,,,,,,,,,,,,,,,,,,,,,,,,,,,,,,,,,,,,,,,,,,,,,,,,,,,,,,,,,,,,,,,,,,,,,,,,,,,,,,,,,,,,,,,,,,,,,,,,,,,,,,,,,,,,
99352236,99352235,1139089,"Euronet","PAYOUT","8302253","2026-03-20","","PG",,1,169594.46,1,"Euronet Services India Private Limited","ESPL00400296","ICIC0000104","","8302253","default","1",105,"PAYTMECOM","AABCE0288Q",,true,,,true,,,,,,,,,7568.81,1363,,,,,,,,,,,,,,,,,,,,,,,,,,,,,,,,,,,,,,,,,,,,,,,,,,,,,,,,,,,,,,,,,,,,,,,,,,,,,,,,,,,,,,,,,,,,,,,,,,,,,,,,,,,,,,,,,,,,,,,,,,,,,,,,,,,,,,,,,,,,,,,,,,,,,,,,,,,,,,,,,,,,,,,,,,,,,,,,,,,,,,,,,,,,,,,,,,,,,,,,,
99352237,99352235,1139089,"Euronet","PAYOUT","8302253","2026-03-20","","COD",,1,2414.9,1,"Euronet Services India Private Limited","ESPL00400296","ICIC0000104","","8302253","default","1",105,"PAYTMECOM","AABCE0288Q",,true,,,true,,,,,,,,,108.23,19.57,,,,,,,,,,,,,,,,,,,,,,,,,,,,,,,,,,,,,,,,,,,,,,,,,,,,,,,,,,,,,,,,,,,,,,,,,,,,,,,,,,,,,,,,,,,,,,,,,,,,,,,,,,,,,,,,,,,,,,,,,,,,,,,,,,,,,,,,,,,,,,,,,,,,,,,,,,,,,,,,,,,,,,,,,,,,,,,,,,,,,,,,,,,,,,,,,,,,,,,,,
99352239,99352238,1139089,"Euronet","PAYOUT","8302253","2026-03-20","","PG",,1,174369.09,1,"Euronet Services India Private Limited","ESPL00400296","ICIC0000104","","8302253","default","1",105,"PAYTMECOM","AABCE0288Q",,true,,,true,,,,,,,,,7782.06,1401.35,,,,,,,,,,,,,,,,,,,,,,,,,,,,,,,,,,,,,,,,,,,,,,,,,,,,,,,,,,,,,,,,,,,,,,,,,,,,,,,,,,,,,,,,,,,,,,,,,,,,,,,,,,,,,,,,,,,,,,,,,,,,,,,,,,,,,,,,,,,,,,,,,,,,,,,,,,,,,,,,,,,,,,,,,,,,,,,,,,,,,,,,,,,,,,,,,,,,,,,,,
99352240,99352238,1139089,"Euronet","PAYOUT","8302253","2026-03-20","","COD",,1,3335.45,1,"Euronet Services India Private Limited","ESPL00400296","ICIC0000104","","8302253","default","1",105,"PAYTMECOM","AABCE0288Q",,true,,,true,,,,,,,,,149.43,26.99,,,,,,,,,,,,,,,,,,,,,,,,,,,,,,,,,,,,,,,,,,,,,,,,,,,,,,,,,,,,,,,,,,,,,,,,,,,,,,,,,,,,,,,,,,,,,,,,,,,,,,,,,,,,,,,,,,,,,,,,,,,,,,,,,,,,,,,,,,,,,,,,,,,,,,,,,,,,,,,,,,,,,,,,,,,,,,,,,,,,,,,,,,,,,,,,,,,,,,,,,
99352242,99352241,1139089,"Euronet","PAYOUT","8302253","2026-03-20","","PG",,1,217776.61,1,"Euronet Services India Private Limited","ESPL00400296","ICIC0000104","","8302253","default","1",105,"PAYTMECOM","AABCE0288Q",,true,,,true,,,,,,,,,9718.96,1749.93,,,,,,,,,,,,,,,,,,,,,,,,,,,,,,,,,,,,,,,,,,,,,,,,,,,,,,,,,,,,,,,,,,,,,,,,,,,,,,,,,,,,,,,,,,,,,,,,,,,,,,,,,,,,,,,,,,,,,,,,,,,,,,,,,,,,,,,,,,,,,,,,,,,,,,,,,,,,,,,,,,,,,,,,,,,,,,,,,,,,,,,,,,,,,,,,,,,,,,,,,
99352243,99352241,1139089,"Euronet","PAYOUT","8302253","2026-03-20","","COD",,1,4751.9,1,"Euronet Services India Private Limited","ESPL00400296","ICIC0000104","","8302253","default","1",105,"PAYTMECOM","AABCE0288Q",,true,,,true,,,,,,,,,213.28,38.51,,,,,,,,,,,,,,,,,,,,,,,,,,,,,,,,,,,,,,,,,,,,,,,,,,,,,,,,,,,,,,,,,,,,,,,,,,,,,,,,,,,,,,,,,,,,,,,,,,,,,,,,,,,,,,,,,,,,,,,,,,,,,,,,,,,,,,,,,,,,,,,,,,,,,,,,,,,,,,,,,,,,,,,,,,,,,,,,,,,,,,,,,,,,,,,,,,,,,,,,,
99352245,99352244,1139089,"Euronet","PAYOUT","8302253","2026-03-20","","PG",,1,203556.78,1,"Euronet Services India Private Limited","ESPL00400296","ICIC0000104","","8302253","default","1",105,"PAYTMECOM","AABCE0288Q",,true,,,true,,,,,,,,,9086.12,1636.05,,,,,,,,,,,,,,,,,,,,,,,,,,,,,,,,,,,,,,,,,,,,,,,,,,,,,,,,,,,,,,,,,,,,,,,,,,,,,,,,,,,,,,,,,,,,,,,,,,,,,,,,,,,,,,,,,,,,,,,,,,,,,,,,,,,,,,,,,,,,,,,,,,,,,,,,,,,,,,,,,,,,,,,,,,,,,,,,,,,,,,,,,,,,,,,,,,,,,,,,,
99352246,99352244,1139089,"Euronet","PAYOUT","8302253","2026-03-20","","COD",,1,3562.5,1,"Euronet Services India Private Limited","ESPL00400296","ICIC0000104","","8302253","default","1",105,"PAYTMECOM","AABCE0288Q",,true,,,true,,,,,,,,,161.52,29.1,,,,,,,,,,,,,,,,,,,,,,,,,,,,,,,,,,,,,,,,,,,,,,,,,,,,,,,,,,,,,,,,,,,,,,,,,,,,,,,,,,,,,,,,,,,,,,,,,,,,,,,,,,,,,,,,,,,,,,,,,,,,,,,,,,,,,,,,,,,,,,,,,,,,,,,,,,,,,,,,,,,,,,,,,,,,,,,,,,,,,,,,,,,,,,,,,,,,,,,,,
99352248,99352247,1139089,"Euronet","PAYOUT","8302253","2026-03-20","","PG",,1,192518.91,1,"Euronet Services India Private Limited","ESPL00400296","ICIC0000104","","8302253","default","1",105,"PAYTMECOM","AABCE0288Q",,true,,,true,,,,,,,,,8591.54,1547.12,,,,,,,,,,,,,,,,,,,,,,,,,,,,,,,,,,,,,,,,,,,,,,,,,,,,,,,,,,,,,,,,,,,,,,,,,,,,,,,,,,,,,,,,,,,,,,,,,,,,,,,,,,,,,,,,,,,,,,,,,,,,,,,,,,,,,,,,,,,,,,,,,,,,,,,,,,,,,,,,,,,,,,,,,,,,,,,,,,,,,,,,,,,,,,,,,,,,,,,,,
99352249,99352247,1139089,"Euronet","PAYOUT","8302253","2026-03-20","","COD",,1,3687.9,1,"Euronet Services India Private Limited","ESPL00400296","ICIC0000104","","8302253","default","1",105,"PAYTMECOM","AABCE0288Q",,true,,,true,,,,,,,,,165.78,29.96,,,,,,,,,,,,,,,,,,,,,,,,,,,,,,,,,,,,,,,,,,,,,,,,,,,,,,,,,,,,,,,,,,,,,,,,,,,,,,,,,,,,,,,,,,,,,,,,,,,,,,,,,,,,,,,,,,,,,,,,,,,,,,,,,,,,,,,,,,,,,,,,,,,,,,,,,,,,,,,,,,,,,,,,,,,,,,,,,,,,,,,,,,,,,,,,,,,,,,,,,
99352251,99352250,1139089,"Euronet","PAYOUT","8302253","2026-03-20","","PG",,1,154849.13,1,"Euronet Services India Private Limited","ESPL00400296","ICIC0000104","","8302253","default","1",105,"PAYTMECOM","AABCE0288Q",,true,,,true,,,,,,,,,6910.9,1244.53,,,,,,,,,,,,,,,,,,,,,,,,,,,,,,,,,,,,,,,,,,,,,,,,,,,,,,,,,,,,,,,,,,,,,,,,,,,,,,,,,,,,,,,,,,,,,,,,,,,,,,,,,,,,,,,,,,,,,,,,,,,,,,,,,,,,,,,,,,,,,,,,,,,,,,,,,,,,,,,,,,,,,,,,,,,,,,,,,,,,,,,,,,,,,,,,,,,,,,,,,
99352252,99352250,1139089,"Euronet","PAYOUT","8302253","2026-03-20","","COD",,1,2923.15,1,"Euronet Services India Private Limited","ESPL00400296","ICIC0000104","","8302253","default","1",105,"PAYTMECOM","AABCE0288Q",,true,,,true,,,,,,,,,130.77,23.58,,,,,,,,,,,,,,,,,,,,,,,,,,,,,,,,,,,,,,,,,,,,,,,,,,,,,,,,,,,,,,,,,,,,,,,,,,,,,,,,,,,,,,,,,,,,,,,,,,,,,,,,,,,,,,,,,,,,,,,,,,,,,,,,,,,,,,,,,,,,,,,,,,,,,,,,,,,,,,,,,,,,,,,,,,,,,,,,,,,,,,,,,,,,,,,,,,,,,,,,,
99352254,99352253,1139089,"Euronet","PAYOUT","8302253","2026-03-20","","PG",,1,169587.86,1,"Euronet Services India Private Limited","ESPL00400296","ICIC0000104","","8302253","default","1",105,"PAYTMECOM","AABCE0288Q",,true,,,true,,,,,,,,,7569.41,1362.86,,,,,,,,,,,,,,,,,,,,,,,,,,,,,,,,,,,,,,,,,,,,,,,,,,,,,,,,,,,,,,,,,,,,,,,,,,,,,,,,,,,,,,,,,,,,,,,,,,,,,,,,,,,,,,,,,,,,,,,,,,,,,,,,,,,,,,,,,,,,,,,,,,,,,,,,,,,,,,,,,,,,,,,,,,,,,,,,,,,,,,,,,,,,,,,,,,,,,,,,,
99352255,99352253,1139089,"Euronet","PAYOUT","8302253","2026-03-20","","COD",,1,2850.95,1,"Euronet Services India Private Limited","ESPL00400296","ICIC0000104","","8302253","default","1",105,"PAYTMECOM","AABCE0288Q",,true,,,true,,,,,,,,,128.53,23.24,,,,,,,,,,,,,,,,,,,,,,,,,,,,,,,,,,,,,,,,,,,,,,,,,,,,,,,,,,,,,,,,,,,,,,,,,,,,,,,,,,,,,,,,,,,,,,,,,,,,,,,,,,,,,,,,,,,,,,,,,,,,,,,,,,,,,,,,,,,,,,,,,,,,,,,,,,,,,,,,,,,,,,,,,,,,,,,,,,,,,,,,,,,,,,,,,,,,,,,,,
99352257,99352256,1530540,"Merchandise Store","PAYOUT",,"2026-03-20","","PG",,1,8913.86,1,,,,,,,,0,"PAYTMECOM","AALCP4925F",,true,,,true,,,,,,,,,942.96,170.26,424.16,76.22,4115,740.7,,,,,,,,,,,,,,,,,,,,,,,,,,,,,,,,,,,,,,,,,,,,,,,,,,,,,,,,,,,,,,,,,,,,,,,,,,,,,,,,,,,,,,,,,,,,,,,,,,,,,,,179,32.22,,,,,,,,,,,,,,,,,,,,,,,,,,,,,,,,,,,,,,,,,35,6.3,,,,,,,,,,,,,,,,,,,,,,,,,,,,,,,,,,,,,,,,,,,54.13,6.34,6.34,,,,,,
99352258,99352256,1530540,"Merchandise Store","PAYOUT",,"2026-03-20","","COD",,1,-78168.87,1,,,,,,,,0,"PAYTMECOM","AALCP4925F",,true,,,true,,,,,,,,,55.86,18.62,27.93,0,63755,11475.9,,,,,,,,,,,,,,,,,,,,,,,,,,,,,,,,,,,,,,,,,,,,,,,,,,,,,,,,,,,,,,,,,,,,,,,,,,,,,,,,,,,,,,,,,,,,,,,,,,,,,,,1862,335.16,,,,,,,,,,,,,,,,,,,,,,,,,,,,,,,,,,,,,,,,,1330,239.4,,,,,,,,,,,,,,,,,,,,,,,,,,,,,,,,,,,,,,,,,,,,,,,,,,,
99352260,99352259,1139089,"Euronet","PAYOUT","8302253","2026-03-20","","PG",,1,183943.79,1,"Euronet Services India Private Limited","ESPL00400296","ICIC0000104","","8302253","default","1",105,"PAYTMECOM","AABCE0288Q",,true,,,true,,,,,,,,,8209.24,1478.25,,,,,,,,,,,,,,,,,,,,,,,,,,,,,,,,,,,,,,,,,,,,,,,,,,,,,,,,,,,,,,,,,,,,,,,,,,,,,,,,,,,,,,,,,,,,,,,,,,,,,,,,,,,,,,,,,,,,,,,,,,,,,,,,,,,,,,,,,,,,,,,,,,,,,,,,,,,,,,,,,,,,,,,,,,,,,,,,,,,,,,,,,,,,,,,,,,,,,,,,,
99352261,99352259,1139089,"Euronet","PAYOUT","8302253","2026-03-20","","COD",,1,3166.35,1,"Euronet Services India Private Limited","ESPL00400296","ICIC0000104","","8302253","default","1",105,"PAYTMECOM","AABCE0288Q",,true,,,true,,,,,,,,,143.63,25.95,,,,,,,,,,,,,,,,,,,,,,,,,,,,,,,,,,,,,,,,,,,,,,,,,,,,,,,,,,,,,,,,,,,,,,,,,,,,,,,,,,,,,,,,,,,,,,,,,,,,,,,,,,,,,,,,,,,,,,,,,,,,,,,,,,,,,,,,,,,,,,,,,,,,,,,,,,,,,,,,,,,,,,,,,,,,,,,,,,,,,,,,,,,,,,,,,,,,,,,,,
99352263,99352262,1139089,"Euronet","PAYOUT","8302253","2026-03-20","","PG",,1,192399.2,1,"Euronet Services India Private Limited","ESPL00400296","ICIC0000104","","8302253","default","1",105,"PAYTMECOM","AABCE0288Q",,true,,,true,,,,,,,,,8586.04,1546.21,,,,,,,,,,,,,,,,,,,,,,,,,,,,,,,,,,,,,,,,,,,,,,,,,,,,,,,,,,,,,,,,,,,,,,,,,,,,,,,,,,,,,,,,,,,,,,,,,,,,,,,,,,,,,,,,,,,,,,,,,,,,,,,,,,,,,,,,,,,,,,,,,,,,,,,,,,,,,,,,,,,,,,,,,,,,,,,,,,,,,,,,,,,,,,,,,,,,,,,,,
99352264,99352262,1139089,"Euronet","PAYOUT","8302253","2026-03-20","","COD",,1,3594.8,1,"Euronet Services India Private Limited","ESPL00400296","ICIC0000104","","8302253","default","1",105,"PAYTMECOM","AABCE0288Q",,true,,,true,,,,,,,,,162.01,29.25,,,,,,,,,,,,,,,,,,,,,,,,,,,,,,,,,,,,,,,,,,,,,,,,,,,,,,,,,,,,,,,,,,,,,,,,,,,,,,,,,,,,,,,,,,,,,,,,,,,,,,,,,,,,,,,,,,,,,,,,,,,,,,,,,,,,,,,,,,,,,,,,,,,,,,,,,,,,,,,,,,,,,,,,,,,,,,,,,,,,,,,,,,,,,,,,,,,,,,,,,
99352266,99352265,598341,"Vouchagram India Pvt Ltd","PAYOUT","8300364","2026-03-20","","PG",,1,486886.4,1,"Vouchagram India Pvt Ltd","14098630000040","HDFC0001409","","8300364","default","1",36,"PAYTMECOM","AAECV0200E",,true,,,true,,,,,,,,,11856.48,2134.05,,,,,,,,,,,,,,,,,,,,,,,,,,,,,,,,,,,,,,,,,,,,,,,,,,,,,,,,,,,,,,,,,,,,,,,,,,,,,,,,,,,,,,,,,,,,,,,,,,,,,,,,,,,,,,,,,,,,,,,,,,,,,,,,,,,,,,,,,,,,,,,,,,,,,,,,,,,,,,,,,,,,,,,,,,,,,,,,,,,,,,,,,,,,,,,,,,,,,,,,,
99352267,99352265,598341,"Vouchagram India Pvt Ltd","PAYOUT","8300364","2026-03-20","","COD",,1,1022.98,1,"Vouchagram India Pvt Ltd","14098630000040","HDFC0001409","","8300364","default","1",36,"PAYTMECOM","AAECV0200E",,true,,,true,,,,,,,,,54.21,9.88,,,,,,,,,,,,,,,,,,,,,,,,,,,,,,,,,,,,,,,,,,,,,,,,,,,,,,,,,,,,,,,,,,,,,,,,,,,,,,,,,,,,,,,,,,,,,,,,,,,,,,,,,,,,,,,,,,,,,,,,,,,,,,,,,,,,,,,,,,,,,,,,,,,,,,,,,,,,,,,,,,,,,,,,,,,,,,,,,,,,,,,,,,,,,,,,,,,,,,,,,
99352269,99352268,1530540,"Merchandise Store","PAYOUT",,"2026-03-20","","PG",,1,34.44,1,,,,,,,,0,"PAYTMECOM","AALCP4925F",,true,,,true,,,,,,,,,14.22,2.58,6.39,1.14,144,25.92,,,,,,,,,,,,,,,,,,,,,,,,,,,,,,,,,,,,,,,,,,,,,,,,,,,,,,,,,,,,,,,,,,,,,,,,,,,,,,,,,,,,,,,,,,,,,,,,,,,,,,,6,1.08,,,,,,,,,,,,,,,,,,,,,,,,,,,,,,,,,,,,,,,,,,,,,,,,,,,,,,,,,,,,,,,,,,,,,,,,,,,,,,,,,,,,,,0.51,0.51,,,,,,
99352270,99352268,1530540,"Merchandise Store","PAYOUT",,"2026-03-20","","COD",,1,-16843.87,1,,,,,,,,0,"PAYTMECOM","AALCP4925F",,true,,,true,,,,,,,,,11.1,3.7,5.55,0,14044,2527.92,,,,,,,,,,,,,,,,,,,,,,,,,,,,,,,,,,,,,,,,,,,,,,,,,,,,,,,,,,,,,,,,,,,,,,,,,,,,,,,,,,,,,,,,,,,,,,,,,,,,,,,370,66.6,,,,,,,,,,,,,,,,,,,,,,,,,,,,,,,,,,,,,,,,,,,,,,,,,,,,,,,,,,,,,,,,,,,,,,,,,,,,,,,,,,,,,,,,,,,,,
99352272,99352271,1139089,"Euronet","PAYOUT","8302253","2026-03-20","","PG",,1,171925.76,1,"Euronet Services India Private Limited","ESPL00400296","ICIC0000104","","8302253","default","1",105,"PAYTMECOM","AABCE0288Q",,true,,,true,,,,,,,,,7673.1,1381.76,,,,,,,,,,,,,,,,,,,,,,,,,,,,,,,,,,,,,,,,,,,,,,,,,,,,,,,,,,,,,,,,,,,,,,,,,,,,,,,,,,,,,,,,,,,,,,,,,,,,,,,,,,,,,,,,,,,,,,,,,,,,,,,,,,,,,,,,,,,,,,,,,,,,,,,,,,,,,,,,,,,,,,,,,,,,,,,,,,,,,,,,,,,,,,,,,,,,,,,,,
99352273,99352271,1139089,"Euronet","PAYOUT","8302253","2026-03-20","","COD",,1,3246.15,1,"Euronet Services India Private Limited","ESPL00400296","ICIC0000104","","8302253","default","1",105,"PAYTMECOM","AABCE0288Q",,true,,,true,,,,,,,,,144.97,26.14,,,,,,,,,,,,,,,,,,,,,,,,,,,,,,,,,,,,,,,,,,,,,,,,,,,,,,,,,,,,,,,,,,,,,,,,,,,,,,,,,,,,,,,,,,,,,,,,,,,,,,,,,,,,,,,,,,,,,,,,,,,,,,,,,,,,,,,,,,,,,,,,,,,,,,,,,,,,,,,,,,,,,,,,,,,,,,,,,,,,,,,,,,,,,,,,,,,,,,,,,
99352275,99352274,1139089,"Euronet","PAYOUT","8302253","2026-03-20","","PG",,1,171515.15,1,"Euronet Services India Private Limited","ESPL00400296","ICIC0000104","","8302253","default","1",105,"PAYTMECOM","AABCE0288Q",,true,,,true,,,,,,,,,7654.87,1378.6,,,,,,,,,,,,,,,,,,,,,,,,,,,,,,,,,,,,,,,,,,,,,,,,,,,,,,,,,,,,,,,,,,,,,,,,,,,,,,,,,,,,,,,,,,,,,,,,,,,,,,,,,,,,,,,,,,,,,,,,,,,,,,,,,,,,,,,,,,,,,,,,,,,,,,,,,,,,,,,,,,,,,,,,,,,,,,,,,,,,,,,,,,,,,,,,,,,,,,,,,
99352276,99352274,1139089,"Euronet","PAYOUT","8302253","2026-03-20","","COD",,1,3597.65,1,"Euronet Services India Private Limited","ESPL00400296","ICIC0000104","","8302253","default","1",105,"PAYTMECOM","AABCE0288Q",,true,,,true,,,,,,,,,161.12,29.05,,,,,,,,,,,,,,,,,,,,,,,,,,,,,,,,,,,,,,,,,,,,,,,,,,,,,,,,,,,,,,,,,,,,,,,,,,,,,,,,,,,,,,,,,,,,,,,,,,,,,,,,,,,,,,,,,,,,,,,,,,,,,,,,,,,,,,,,,,,,,,,,,,,,,,,,,,,,,,,,,,,,,,,,,,,,,,,,,,,,,,,,,,,,,,,,,,,,,,,,,
99352278,99352277,1139089,"Euronet","PAYOUT","8302253","2026-03-20","","PG",,1,166053.99,1,"Euronet Services India Private Limited","ESPL00400296","ICIC0000104","","8302253","default","1",105,"PAYTMECOM","AABCE0288Q",,true,,,true,,,,,,,,,7410.96,1334.55,,,,,,,,,,,,,,,,,,,,,,,,,,,,,,,,,,,,,,,,,,,,,,,,,,,,,,,,,,,,,,,,,,,,,,,,,,,,,,,,,,,,,,,,,,,,,,,,,,,,,,,,,,,,,,,,,,,,,,,,,,,,,,,,,,,,,,,,,,,,,,,,,,,,,,,,,,,,,,,,,,,,,,,,,,,,,,,,,,,,,,,,,,,,,,,,,,,,,,,,,
99352279,99352277,1139089,"Euronet","PAYOUT","8302253","2026-03-20","","COD",,1,2986.8,1,"Euronet Services India Private Limited","ESPL00400296","ICIC0000104","","8302253","default","1",105,"PAYTMECOM","AABCE0288Q",,true,,,true,,,,,,,,,133.55,24.09,,,,,,,,,,,,,,,,,,,,,,,,,,,,,,,,,,,,,,,,,,,,,,,,,,,,,,,,,,,,,,,,,,,,,,,,,,,,,,,,,,,,,,,,,,,,,,,,,,,,,,,,,,,,,,,,,,,,,,,,,,,,,,,,,,,,,,,,,,,,,,,,,,,,,,,,,,,,,,,,,,,,,,,,,,,,,,,,,,,,,,,,,,,,,,,,,,,,,,,,,
99352281,99352280,1139089,"Euronet","PAYOUT","8302253","2026-03-20","","PG",,1,191868.31,1,"Euronet Services India Private Limited","ESPL00400296","ICIC0000104","","8302253","default","1",105,"PAYTMECOM","AABCE0288Q",,true,,,true,,,,,,,,,8562.37,1541.71,,,,,,,,,,,,,,,,,,,,,,,,,,,,,,,,,,,,,,,,,,,,,,,,,,,,,,,,,,,,,,,,,,,,,,,,,,,,,,,,,,,,,,,,,,,,,,,,,,,,,,,,,,,,,,,,,,,,,,,,,,,,,,,,,,,,,,,,,,,,,,,,,,,,,,,,,,,,,,,,,,,,,,,,,,,,,,,,,,,,,,,,,,,,,,,,,,,,,,,,,
99352282,99352280,1139089,"Euronet","PAYOUT","8302253","2026-03-20","","COD",,1,2649.55,1,"Euronet Services India Private Limited","ESPL00400296","ICIC0000104","","8302253","default","1",105,"PAYTMECOM","AABCE0288Q",,true,,,true,,,,,,,,,119.36,21.58,,,,,,,,,,,,,,,,,,,,,,,,,,,,,,,,,,,,,,,,,,,,,,,,,,,,,,,,,,,,,,,,,,,,,,,,,,,,,,,,,,,,,,,,,,,,,,,,,,,,,,,,,,,,,,,,,,,,,,,,,,,,,,,,,,,,,,,,,,,,,,,,,,,,,,,,,,,,,,,,,,,,,,,,,,,,,,,,,,,,,,,,,,,,,,,,,,,,,,,,,
99352284,99352283,1139089,"Euronet","PAYOUT","8302253","2026-03-20","","PG",,1,183982.67,1,"Euronet Services India Private Limited","ESPL00400296","ICIC0000104","","8302253","default","1",105,"PAYTMECOM","AABCE0288Q",,true,,,true,,,,,,,,,8209.86,1478.4,,,,,,,,,,,,,,,,,,,,,,,,,,,,,,,,,,,,,,,,,,,,,,,,,,,,,,,,,,,,,,,,,,,,,,,,,,,,,,,,,,,,,,,,,,,,,,,,,,,,,,,,,,,,,,,,,,,,,,,,,,,,,,,,,,,,,,,,,,,,,,,,,,,,,,,,,,,,,,,,,,,,,,,,,,,,,,,,,,,,,,,,,,,,,,,,,,,,,,,,,
99352285,99352283,1139089,"Euronet","PAYOUT","8302253","2026-03-20","","COD",,1,3000.1,1,"Euronet Services India Private Limited","ESPL00400296","ICIC0000104","","8302253","default","1",105,"PAYTMECOM","AABCE0288Q",,true,,,true,,,,,,,,,135.5,24.46,,,,,,,,,,,,,,,,,,,,,,,,,,,,,,,,,,,,,,,,,,,,,,,,,,,,,,,,,,,,,,,,,,,,,,,,,,,,,,,,,,,,,,,,,,,,,,,,,,,,,,,,,,,,,,,,,,,,,,,,,,,,,,,,,,,,,,,,,,,,,,,,,,,,,,,,,,,,,,,,,,,,,,,,,,,,,,,,,,,,,,,,,,,,,,,,,,,,,,,,,
99352287,99352286,1139089,"Euronet","PAYOUT","8302253","2026-03-20","","PG",,1,171859.15,1,"Euronet Services India Private Limited","ESPL00400296","ICIC0000104","","8302253","default","1",105,"PAYTMECOM","AABCE0288Q",,true,,,true,,,,,,,,,7670,1381.11,,,,,,,,,,,,,,,,,,,,,,,,,,,,,,,,,,,,,,,,,,,,,,,,,,,,,,,,,,,,,,,,,,,,,,,,,,,,,,,,,,,,,,,,,,,,,,,,,,,,,,,,,,,,,,,,,,,,,,,,,,,,,,,,,,,,,,,,,,,,,,,,,,,,,,,,,,,,,,,,,,,,,,,,,,,,,,,,,,,,,,,,,,,,,,,,,,,,,,,,,
99352288,99352286,1139089,"Euronet","PAYOUT","8302253","2026-03-20","","COD",,1,3099.85,1,"Euronet Services India Private Limited","ESPL00400296","ICIC0000104","","8302253","default","1",105,"PAYTMECOM","AABCE0288Q",,true,,,true,,,,,,,,,138.59,25.03,,,,,,,,,,,,,,,,,,,,,,,,,,,,,,,,,,,,,,,,,,,,,,,,,,,,,,,,,,,,,,,,,,,,,,,,,,,,,,,,,,,,,,,,,,,,,,,,,,,,,,,,,,,,,,,,,,,,,,,,,,,,,,,,,,,,,,,,,,,,,,,,,,,,,,,,,,,,,,,,,,,,,,,,,,,,,,,,,,,,,,,,,,,,,,,,,,,,,,,,,
99352290,99352289,1139089,"Euronet","PAYOUT","8302253","2026-03-20","","PG",,1,177976,1,"Euronet Services India Private Limited","ESPL00400296","ICIC0000104","","8302253","default","1",105,"PAYTMECOM","AABCE0288Q",,true,,,true,,,,,,,,,7943.11,1430.38,,,,,,,,,,,,,,,,,,,,,,,,,,,,,,,,,,,,,,,,,,,,,,,,,,,,,,,,,,,,,,,,,,,,,,,,,,,,,,,,,,,,,,,,,,,,,,,,,,,,,,,,,,,,,,,,,,,,,,,,,,,,,,,,,,,,,,,,,,,,,,,,,,,,,,,,,,,,,,,,,,,,,,,,,,,,,,,,,,,,,,,,,,,,,,,,,,,,,,,,,
99352291,99352289,1139089,"Euronet","PAYOUT","8302253","2026-03-20","","COD",,1,3266.1,1,"Euronet Services India Private Limited","ESPL00400296","ICIC0000104","","8302253","default","1",105,"PAYTMECOM","AABCE0288Q",,true,,,true,,,,,,,,,146.07,26.42,,,,,,,,,,,,,,,,,,,,,,,,,,,,,,,,,,,,,,,,,,,,,,,,,,,,,,,,,,,,,,,,,,,,,,,,,,,,,,,,,,,,,,,,,,,,,,,,,,,,,,,,,,,,,,,,,,,,,,,,,,,,,,,,,,,,,,,,,,,,,,,,,,,,,,,,,,,,,,,,,,,,,,,,,,,,,,,,,,,,,,,,,,,,,,,,,,,,,,,,,
99352293,99352292,1182161,"Euronet Services","PAYOUT","8302697","2026-03-20","","PG",,1,136711.67,1,"Euronet Services India Pvt Ltd","ESPL00400338","ICIC0000104","","8302697","default","1",30,"PAYTMECOM","AABCE0288Q",,true,,,true,,,,,,,,,5680.73,1022.56,,,,,,,,,,,,,,,,,,,,,,,,,,,,,,,,,,,,,,,,,,,,,,,,,,,,,,,,,,,,,,,,,,,,,,,,,,,,,,,,,,,,,,,,,,,,,,,,,,,,,,,,,,,,,,,,,,,,,,,,,,,,,,,,,,,,,,,,,,,,,,,,,,,,,,,,,,,,,,,,,,,,,,,,,,,,,,,,,,,,,,,,,,,,,,,,,,,,,,,,,
99352294,99352292,1182161,"Euronet Services","PAYOUT","8302697","2026-03-20","","COD",,1,3545.16,1,"Euronet Services India Pvt Ltd","ESPL00400338","ICIC0000104","","8302697","default","1",30,"PAYTMECOM","AABCE0288Q",,true,,,true,,,,,,,,,149.08,26.83,,,,,,,,,,,,,,,,,,,,,,,,,,,,,,,,,,,,,,,,,,,,,,,,,,,,,,,,,,,,,,,,,,,,,,,,,,,,,,,,,,,,,,,,,,,,,,,,,,,,,,,,,,,,,,,,,,,,,,,,,,,,,,,,,,,,,,,,,,,,,,,,,,,,,,,,,,,,,,,,,,,,,,,,,,,,,,,,,,,,,,,,,,,,,,,,,,,,,,,,,
99352296,99352295,1139089,"Euronet","PAYOUT","8302253","2026-03-20","","PG",,1,201466.01,1,"Euronet Services India Private Limited","ESPL00400296","ICIC0000104","","8302253","default","1",105,"PAYTMECOM","AABCE0288Q",,true,,,true,,,,,,,,,8990.89,1618.73,,,,,,,,,,,,,,,,,,,,,,,,,,,,,,,,,,,,,,,,,,,,,,,,,,,,,,,,,,,,,,,,,,,,,,,,,,,,,,,,,,,,,,,,,,,,,,,,,,,,,,,,,,,,,,,,,,,,,,,,,,,,,,,,,,,,,,,,,,,,,,,,,,,,,,,,,,,,,,,,,,,,,,,,,,,,,,,,,,,,,,,,,,,,,,,,,,,,,,,,,
99352297,99352295,1139089,"Euronet","PAYOUT","8302253","2026-03-20","","COD",,1,3411.45,1,"Euronet Services India Private Limited","ESPL00400296","ICIC0000104","","8302253","default","1",105,"PAYTMECOM","AABCE0288Q",,true,,,true,,,,,,,,,152.98,27.63,,,,,,,,,,,,,,,,,,,,,,,,,,,,,,,,,,,,,,,,,,,,,,,,,,,,,,,,,,,,,,,,,,,,,,,,,,,,,,,,,,,,,,,,,,,,,,,,,,,,,,,,,,,,,,,,,,,,,,,,,,,,,,,,,,,,,,,,,,,,,,,,,,,,,,,,,,,,,,,,,,,,,,,,,,,,,,,,,,,,,,,,,,,,,,,,,,,,,,,,,
99352299,99352298,1139089,"Euronet","PAYOUT","8302253","2026-03-20","","PG",,1,223551.63,1,"Euronet Services India Private Limited","ESPL00400296","ICIC0000104","","8302253","default","1",105,"PAYTMECOM","AABCE0288Q",,true,,,true,,,,,,,,,9977.41,1796.4,,,,,,,,,,,,,,,,,,,,,,,,,,,,,,,,,,,,,,,,,,,,,,,,,,,,,,,,,,,,,,,,,,,,,,,,,,,,,,,,,,,,,,,,,,,,,,,,,,,,,,,,,,,,,,,,,,,,,,,,,,,,,,,,,,,,,,,,,,,,,,,,,,,,,,,,,,,,,,,,,,,,,,,,,,,,,,,,,,,,,,,,,,,,,,,,,,,,,,,,,
99352300,99352298,1139089,"Euronet","PAYOUT","8302253","2026-03-20","","COD",,1,3609.05,1,"Euronet Services India Private Limited","ESPL00400296","ICIC0000104","","8302253","default","1",105,"PAYTMECOM","AABCE0288Q",,true,,,true,,,,,,,,,161.41,29.1,,,,,,,,,,,,,,,,,,,,,,,,,,,,,,,,,,,,,,,,,,,,,,,,,,,,,,,,,,,,,,,,,,,,,,,,,,,,,,,,,,,,,,,,,,,,,,,,,,,,,,,,,,,,,,,,,,,,,,,,,,,,,,,,,,,,,,,,,,,,,,,,,,,,,,,,,,,,,,,,,,,,,,,,,,,,,,,,,,,,,,,,,,,,,,,,,,,,,,,,,
99352302,99352301,1139089,"Euronet","PAYOUT","8302253","2026-03-20","","PG",,1,212611.66,1,"Euronet Services India Private Limited","ESPL00400296","ICIC0000104","","8302253","default","1",105,"PAYTMECOM","AABCE0288Q",,true,,,true,,,,,,,,,9488.48,1708.55,,,,,,,,,,,,,,,,,,,,,,,,,,,,,,,,,,,,,,,,,,,,,,,,,,,,,,,,,,,,,,,,,,,,,,,,,,,,,,,,,,,,,,,,,,,,,,,,,,,,,,,,,,,,,,,,,,,,,,,,,,,,,,,,,,,,,,,,,,,,,,,,,,,,,,,,,,,,,,,,,,,,,,,,,,,,,,,,,,,,,,,,,,,,,,,,,,,,,,,,,
99352303,99352301,1139089,"Euronet","PAYOUT","8302253","2026-03-20","","COD",,1,3207.19,1,"Euronet Services India Private Limited","ESPL00400296","ICIC0000104","","8302253","default","1",105,"PAYTMECOM","AABCE0288Q",,true,,,true,,,,,,,,,144.11,25.99,,,,,,,,,,,,,,,,,,,,,,,,,,,,,,,,,,,,,,,,,,,,,,,,,,,,,,,,,,,,,,,,,,,,,,,,,,,,,,,,,,,,,,,,,,,,,,,,,,,,,,,,,,,,,,,,,,,,,,,,,,,,,,,,,,,,,,,,,,,,,,,,,,,,,,,,,,,,,,,,,,,,,,,,,,,,,,,,,,,,,,,,,,,,,,,,,,,,,,,,,
99352305,99352304,1337132,"Razorpay Engage","PAYOUT","8303115","2026-03-20","","PG",,1,728825.99,1,"Viverati Interactive Marketing Private Limited","10079886707","IDFB0080151","","8303115","default","1",30,"PAYTMECOM","AADCV6221E",,true,,,true,,,,,,,,,48793.36,8782.97,,,,,,,,,,,,,,,,,,,,,,,,,,,,,,,,,,,,,,,,,,,,,,,,,,,,,,,,,,,,,,,,,,,,,,,,,,,,,,,,,,,,,,,,,,,,,,,,,,,,,,,,,,,,,,,,,,,,,,,,,,,,,,,,,,,,,,,,,,,,,,,,,,,,,,,,,,,,,,,,,,,,,,,,,,,,,,,,,,,,,,,,,,,,,,,,,,,,,,,,,
99352306,99352304,1337132,"Razorpay Engage","PAYOUT","8303115","2026-03-20","","COD",,1,34219.37,1,"Viverati Interactive Marketing Private Limited","10079886707","IDFB0080151","","8303115","default","1",30,"PAYTMECOM","AADCV6221E",,true,,,true,,,,,,,,,5563.39,1001.69,,,,,,,,,,,,,,,,,,,,,,,,,,,,,,,,,,,,,,,,,,,,,,,,,,,,,,,,,,,,,,,,,,,,,,,,,,,,,,,,,,,,,,,,,,,,,,,,,,,,,,,,,,,,,,,,,,,,,,,,,,,,,,,,,,,,,,,,,,,,,,,,,,,,,,,,,,,,,,,,,,,,,,,,,,,,,,,,,,,,,,,,,,,,,,,,,,,,,,,,,
99352308,99352307,1139089,"Euronet","PAYOUT","8302253","2026-03-20","","PG",,1,184793.95,1,"Euronet Services India Private Limited","ESPL00400296","ICIC0000104","","8302253","default","1",105,"PAYTMECOM","AABCE0288Q",,true,,,true,,,,,,,,,8247.32,1485.17,,,,,,,,,,,,,,,,,,,,,,,,,,,,,,,,,,,,,,,,,,,,,,,,,,,,,,,,,,,,,,,,,,,,,,,,,,,,,,,,,,,,,,,,,,,,,,,,,,,,,,,,,,,,,,,,,,,,,,,,,,,,,,,,,,,,,,,,,,,,,,,,,,,,,,,,,,,,,,,,,,,,,,,,,,,,,,,,,,,,,,,,,,,,,,,,,,,,,,,,,
99352309,99352307,1139089,"Euronet","PAYOUT","8302253","2026-03-20","","COD",,1,2622,1,"Euronet Services India Private Limited","ESPL00400296","ICIC0000104","","8302253","default","1",105,"PAYTMECOM","AABCE0288Q",,true,,,true,,,,,,,,,117.68,21.22,,,,,,,,,,,,,,,,,,,,,,,,,,,,,,,,,,,,,,,,,,,,,,,,,,,,,,,,,,,,,,,,,,,,,,,,,,,,,,,,,,,,,,,,,,,,,,,,,,,,,,,,,,,,,,,,,,,,,,,,,,,,,,,,,,,,,,,,,,,,,,,,,,,,,,,,,,,,,,,,,,,,,,,,,,,,,,,,,,,,,,,,,,,,,,,,,,,,,,,,,
99352311,99352310,1139089,"Euronet","PAYOUT","8302253","2026-03-20","","PG",,1,84268.84,1,"Euronet Services India Private Limited","ESPL00400296","ICIC0000104","","8302253","default","1",105,"PAYTMECOM","AABCE0288Q",,true,,,true,,,,,,,,,3760.77,677.08,,,,,,,,,,,,,,,,,,,,,,,,,,,,,,,,,,,,,,,,,,,,,,,,,,,,,,,,,,,,,,,,,,,,,,,,,,,,,,,,,,,,,,,,,,,,,,,,,,,,,,,,,,,,,,,,,,,,,,,,,,,,,,,,,,,,,,,,,,,,,,,,,,,,,,,,,,,,,,,,,,,,,,,,,,,,,,,,,,,,,,,,,,,,,,,,,,,,,,,,,
99352312,99352310,1139089,"Euronet","PAYOUT","8302253","2026-03-20","","COD",,1,1472.5,1,"Euronet Services India Private Limited","ESPL00400296","ICIC0000104","","8302253","default","1",105,"PAYTMECOM","AABCE0288Q",,true,,,true,,,,,,,,,66.28,11.94,,,,,,,,,,,,,,,,,,,,,,,,,,,,,,,,,,,,,,,,,,,,,,,,,,,,,,,,,,,,,,,,,,,,,,,,,,,,,,,,,,,,,,,,,,,,,,,,,,,,,,,,,,,,,,,,,,,,,,,,,,,,,,,,,,,,,,,,,,,,,,,,,,,,,,,,,,,,,,,,,,,,,,,,,,,,,,,,,,,,,,,,,,,,,,,,,,,,,,,,,
99352314,99352313,1139089,"Euronet","PAYOUT","8302253","2026-03-20","","PG",,1,203372.28,1,"Euronet Services India Private Limited","ESPL00400296","ICIC0000104","","8302253","default","1",105,"PAYTMECOM","AABCE0288Q",,true,,,true,,,,,,,,,9077.14,1634.33,,,,,,,,,,,,,,,,,,,,,,,,,,,,,,,,,,,,,,,,,,,,,,,,,,,,,,,,,,,,,,,,,,,,,,,,,,,,,,,,,,,,,,,,,,,,,,,,,,,,,,,,,,,,,,,,,,,,,,,,,,,,,,,,,,,,,,,,,,,,,,,,,,,,,,,,,,,,,,,,,,,,,,,,,,,,,,,,,,,,,,,,,,,,,,,,,,,,,,,,,
99352315,99352313,1139089,"Euronet","PAYOUT","8302253","2026-03-20","","COD",,1,3550.15,1,"Euronet Services India Private Limited","ESPL00400296","ICIC0000104","","8302253","default","1",105,"PAYTMECOM","AABCE0288Q",,true,,,true,,,,,,,,,158.41,28.54,,,,,,,,,,,,,,,,,,,,,,,,,,,,,,,,,,,,,,,,,,,,,,,,,,,,,,,,,,,,,,,,,,,,,,,,,,,,,,,,,,,,,,,,,,,,,,,,,,,,,,,,,,,,,,,,,,,,,,,,,,,,,,,,,,,,,,,,,,,,,,,,,,,,,,,,,,,,,,,,,,,,,,,,,,,,,,,,,,,,,,,,,,,,,,,,,,,,,,,,,
99352317,99352316,1139089,"Euronet","PAYOUT","8302253","2026-03-20","","PG",,1,215376.07,1,"Euronet Services India Private Limited","ESPL00400296","ICIC0000104","","8302253","default","1",105,"PAYTMECOM","AABCE0288Q",,true,,,true,,,,,,,,,9611.52,1730.57,,,,,,,,,,,,,,,,,,,,,,,,,,,,,,,,,,,,,,,,,,,,,,,,,,,,,,,,,,,,,,,,,,,,,,,,,,,,,,,,,,,,,,,,,,,,,,,,,,,,,,,,,,,,,,,,,,,,,,,,,,,,,,,,,,,,,,,,,,,,,,,,,,,,,,,,,,,,,,,,,,,,,,,,,,,,,,,,,,,,,,,,,,,,,,,,,,,,,,,,,
99352318,99352316,1139089,"Euronet","PAYOUT","8302253","2026-03-20","","COD",,1,4191.4,1,"Euronet Services India Private Limited","ESPL00400296","ICIC0000104","","8302253","default","1",105,"PAYTMECOM","AABCE0288Q",,true,,,true,,,,,,,,,188.22,33.96,,,,,,,,,,,,,,,,,,,,,,,,,,,,,,,,,,,,,,,,,,,,,,,,,,,,,,,,,,,,,,,,,,,,,,,,,,,,,,,,,,,,,,,,,,,,,,,,,,,,,,,,,,,,,,,,,,,,,,,,,,,,,,,,,,,,,,,,,,,,,,,,,,,,,,,,,,,,,,,,,,,,,,,,,,,,,,,,,,,,,,,,,,,,,,,,,,,,,,,,,
99353617,99353616,1139089,"Euronet","PAYOUT","8302253","2026-03-20","","PG",,1,-759.97,1,"Euronet Services India Private Limited","ESPL00400296","ICIC0000104","","8302253","default","1",105,"PAYTMECOM","AABCE0288Q",,true,,,true,,,,,,,,,-33.92,-6.11,,,,,,,,,,,,,,,,,,,,,,,,,,,,,,,,,,,,,,,,,,,,,,,,,,,,,,,,,,,,,,,,,,,,,,,,,,,,,,,,,,,,,,,,,,,,,,,,,,,,,,,,,,,,,,,,,,,,,,,,,,,,,,,,,,,,,,,,,,,,,,,,,,,,,,,,,,,,,,,,,,,,,,,,,,,,,,,,,,,,,,,,,,,,,,,,,,,,,,,,,
99353619,99353618,870346,"OCL Merchandise2","PAYOUT","856800","2026-03-20","","COD",,1,-1.96,1,"One97 Communications Ltd","003105025193","ICIC0000031","","856800","default","1",0,"PAYTMECOM","AAACO4007A",,true,,,true,,,,,,,,,,,-0.04,0,,,,,,,,,,,,,,,,,,,,,,,,,,,,,,,,,,,,,,,,,,,,,,,,,,,,,,,,,,,,,,,,,,,,,,,,,,,,,,,,,,,,,,,,,,,,,,,,,,,,,,,,,,,,,,,,,,,,,,,,,,,,,,,,,,,,,,,,,,,,,,,,,,,,,,,,,,,,,,,,,,,,,,,,,,,,,,,,,,,,,,,,,,,,,,,,,,,,,,,
